,Geo_FIPS,Geo_TRACT,concentrated_disadvantage,commute_time,median_household_income,total_population,pop_below_18,pop_between_18_34,pop_between_34_65,pop_over_65,cars_per_home
0,06037101110,101110,0.08021203559600354,34.0,53077.0,4314,878,965,1721,750,0.6206185567010309
1,06037101122,101122,-0.9549313404925475,41.0,88953.0,3239,393,823,1479,544,0.9313593539703903
2,06037101210,101210,0.33721117769871195,28.0,32119.0,6052,1369,1461,2663,559,0.23182346109175378
3,06037101220,101220,-0.2978149043392596,30.0,41728.0,3497,726,764,1434,573,0.42418516769012754
4,06037101300,101300,-0.9429909163973389,36.0,86914.0,4297,518,926,2056,797,1.1273408239700375
5,06037101400,101400,-0.4913954880035158,35.0,71125.0,3851,669,886,1671,625,0.6114918292040064
6,06037102103,102103,-0.3473037842186209,27.0,76333.0,1771,308,324,836,303,0.720855614973262
7,06037102104,102104,-0.3485329418774244,30.0,70754.0,3554,511,897,1488,658,0.7088145896656535
8,06037102105,102105,-0.44535563600882344,25.0,52132.0,1857,354,361,1004,138,0.7757009345794392
9,06037102107,102107,-0.857310380245682,31.0,106037.0,4333,683,898,2038,714,1.1615853658536586
10,06037103101,103101,-0.8483967140581956,36.0,89211.0,2597,494,554,1149,400,1.071360608943863
11,06037103102,103102,-0.34538742401750105,36.0,74631.0,4456,690,889,2112,765,0.9511297950604309
12,06037103200,103200,-0.759365396170694,34.0,71346.0,6726,1069,1297,2800,1560,0.7791371538956857
13,06037103300,103300,-1.0516025471493804,35.0,93207.0,3549,563,515,1692,779,1.6737438075017692
14,06037103400,103400,-0.6028518872274247,29.0,81618.0,6662,1120,1444,2867,1231,0.966258584652135
15,06037104103,104103,-0.8158597629482782,28.0,86989.0,3647,740,954,1528,425,1.635532994923858
16,06037104105,104105,0.18654061594662305,32.0,52616.0,6190,1552,1692,2324,622,0.5332502078137988
17,06037104108,104108,0.3769232570993928,33.0,50259.0,5420,1369,1585,1930,536,0.7227456258411844
18,06037104124,104124,-0.9126785777808452,37.0,84250.0,4189,923,1062,1642,562,0.8061016949152542
19,06037104201,104201,0.34841033840944236,33.0,51563.0,4424,1100,1282,1608,434,1.808130081300813
20,06037104203,104203,0.19297427552678115,33.0,46406.0,5541,1731,1204,2217,389,1.4620181405895691
21,06037104204,104204,-0.4202092606094178,33.0,63333.0,3562,751,1000,1457,354,1.3852376137512639
22,06037104310,104310,-0.7403598850537422,29.0,69904.0,5313,1669,1400,1783,461,2.25044404973357
23,06037104320,104320,0.154753634852143,28.0,52895.0,5599,1274,1844,1891,590,0.9076112972714218
24,06037104401,104401,-0.11117333051850209,28.0,69965.0,3452,941,913,1242,356,1.4525316455696202
25,06037104403,104403,-0.08734305901350578,27.0,55398.0,3279,757,913,1191,418,1.5228310502283104
26,06037104404,104404,0.22504016930228685,27.0,55341.0,3128,950,871,1042,265,1.298019801980198
27,06037104500,104500,-0.13353662527328203,24.0,60139.0,2950,601,920,1034,395,1.8125819134993446
28,06037104610,104610,0.007870292318770483,29.0,60320.0,3504,911,966,1300,327,1.3330029732408326
29,06037104620,104620,-0.5417340199163699,25.0,62014.0,3684,908,1073,1341,362,1.564484126984127
30,06037104701,104701,1.6592592483087094,30.0,32036.0,4325,1505,1206,1302,312,0.47437425506555425
31,06037104703,104703,0.2717756474068065,24.0,39181.0,2311,803,601,739,168,0.8724696356275303
32,06037104704,104704,0.3294241327317735,33.0,48581.0,4331,1261,1152,1549,369,1.102642901044868
33,06037104810,104810,-0.21808515393497407,27.0,74145.0,5789,1366,1387,2477,559,1.9941733430444282
34,06037104821,104821,0.3359302606992485,27.0,68750.0,3361,908,1008,1184,261,0.9990645463049579
35,06037104822,104822,0.2246138323706559,27.0,55500.0,2748,761,676,1096,215,0.7264529058116233
36,06037106010,106010,-0.5883936497368055,29.0,71806.0,3108,753,552,1345,458,1.1783333333333332
37,06037106020,106020,-0.8257243019780877,34.0,75038.0,5807,1155,1505,2419,728,2.0605187319884726
38,06037106111,106111,-0.8162980354782257,35.0,93198.0,4482,904,989,1928,661,1.4150943396226414
39,06037106112,106112,-0.996853051335336,33.0,90875.0,5885,1666,1385,2118,716,1.7988059701492538
40,06037106113,106113,-1.0950363246712687,33.0,85156.0,3962,920,856,1530,656,1.2204861111111112
41,06037106114,106114,-0.05199125937802118,30.0,54363.0,6410,2112,1773,2123,402,0.6548387096774193
42,06037106403,106403,-0.6738034380793624,28.0,62015.0,3431,803,964,1276,388,1.5791173304628634
43,06037106405,106405,-0.15718545951600316,29.0,57807.0,4813,1294,1119,2009,391,0.7432638535841383
44,06037106406,106406,-0.8137908240659681,34.0,77454.0,5860,1503,1355,2275,727,1.3999032882011606
45,06037106407,106407,0.105394570361627,43.0,37452.0,3272,984,805,1006,477,0.2841634738186462
46,06037106408,106408,-0.11441231284356156,28.0,49464.0,3817,1180,1198,1273,166,0.640581330352152
47,06037106510,106510,-0.9583789900195843,37.0,91983.0,5347,1477,923,2431,516,0.9611111111111111
48,06037106520,106520,-1.014948319582571,31.0,63594.0,5879,1459,1752,1929,739,1.5932892730045756
49,06037106603,106603,-1.217578048993793,33.0,114688.0,3222,697,621,1288,616,1.6030741410488245
50,06037106604,106604,-0.16120639711237814,28.0,58028.0,5143,1516,1183,1795,649,0.9185441941074524
51,06037106641,106641,-1.0282010405319766,38.0,108333.0,2352,442,393,1011,506,1.1
52,06037106642,106642,-0.6076073224976634,38.0,106179.0,3016,629,526,1240,621,1.2564814814814815
53,06037106643,106643,-1.1353090846139127,37.0,151875.0,4599,830,1012,1895,862,1.8848167539267016
54,06037106645,106645,-0.9551374991551843,37.0,110946.0,3491,622,628,1442,799,1.3993660855784469
55,06037106646,106646,-0.9377604439692959,32.0,105750.0,3439,617,634,1419,769,1.1784037558685445
56,06037106648,106648,-0.6661994622693261,27.0,65278.0,4569,1435,1136,1637,361,1.0261312938177183
57,06037106649,106649,-0.5452562366306056,31.0,82841.0,2599,621,573,1083,322,1.5087108013937283
58,06037107010,107010,-0.5160004611194874,32.0,56375.0,3093,760,890,1212,231,1.332618025751073
59,06037107020,107020,-0.8434369919614575,39.0,81935.0,5442,1562,1416,2108,356,1.2233189389265886
60,06037108101,108101,-1.021730705432977,34.0,141893.0,2417,387,499,1075,456,1.1731409544950056
61,06037108102,108102,-0.8265859441316706,38.0,95592.0,3677,740,430,1569,938,1.024
62,06037108103,108103,-1.6154054854284225,35.0,159643.0,3153,523,459,1377,794,1.4207369323050556
63,06037108104,108104,-1.1892886307516228,43.0,130714.0,1922,439,349,721,413,1.2774294670846396
64,06037108201,108201,-1.3633222288913407,38.0,125000.0,5501,1225,706,2727,843,1.0052910052910053
65,06037108202,108202,-0.9147973739792007,40.0,108304.0,7561,1730,919,3308,1604,0.5782908704883227
66,06037109100,109100,-0.4497614659975028,28.0,59792.0,2738,524,553,935,726,1.3199588477366255
67,06037109200,109200,-1.1365897341371112,34.0,112250.0,2995,661,744,1318,272,1.6216450216450216
68,06037109300,109300,-0.5322683070086411,34.0,84919.0,3247,649,706,1454,438,1.445438282647585
69,06037109400,109400,-0.850311551427779,35.0,77273.0,3959,831,996,1582,550,1.454954954954955
70,06037109500,109500,-0.5290378414860648,27.0,44118.0,4821,1447,1280,1341,753,1.0454237288135593
71,06037109601,109601,-0.47516003947267094,30.0,92545.0,4938,1071,1156,2087,624,1.4956228956228956
72,06037109603,109603,0.24742853220689764,31.0,53750.0,4476,976,975,1880,645,0.9554700384826827
73,06037109604,109604,-0.4461378596017416,27.0,88000.0,3088,701,906,1135,346,1.1961678832116789
74,06037109700,109700,-0.5012968771827802,28.0,98605.0,4568,1009,1112,1860,587,1.2610103626943006
75,06037109800,109800,-0.7168000026688903,29.0,96422.0,5398,1239,1312,2083,764,1.448467966573816
76,06037111100,111100,-0.5974928571447844,32.0,86683.0,3128,592,694,1410,432,1.3368055555555556
77,06037111201,111201,-0.8059210059801495,33.0,85034.0,3485,757,603,1504,621,1.0789473684210527
78,06037111202,111202,-0.7345710088842399,30.0,80521.0,5329,1152,1099,2260,818,1.0986629783310282
79,06037111204,111204,-1.3452591030588328,34.0,150192.0,6153,1152,1100,2468,1433,1.604197169350903
80,06037111205,111205,-0.8150112188715913,34.0,76968.0,4064,931,1070,1482,581,0.7445708376421923
81,06037111206,111206,-1.0273573989489746,37.0,114861.0,4382,881,668,1934,899,1.3520621637776449
82,06037111301,111301,-0.6884344431718028,33.0,68456.0,7151,1726,1581,3014,830,0.41973094170403585
83,06037111302,111302,-0.21823086594850669,38.0,66850.0,5325,959,1485,1971,910,0.684967815221507
84,06037111400,111400,-0.826279988325712,31.0,59875.0,8066,1161,2127,3155,1623,0.49312714776632305
85,06037113101,113101,-0.8536022633103324,34.0,105781.0,3699,613,718,1529,839,1.3874074074074074
86,06037113102,113102,-1.0431526377947444,34.0,138333.0,2928,382,569,1288,689,1.5725413826679648
87,06037113211,113211,-0.8283564796699062,34.0,93009.0,3929,712,546,1686,985,0.5639257294429708
88,06037113212,113212,-0.7374433209701288,34.0,79009.0,3272,563,647,1411,651,1.2436412315930387
89,06037113213,113213,-1.1092393831411989,34.0,84274.0,5059,932,1190,2181,756,0.7350171232876712
90,06037113231,113231,-0.8817138402030308,33.0,105208.0,2424,534,407,1011,472,1.005952380952381
91,06037113232,113232,-1.3689052552266168,33.0,112105.0,4358,795,512,1975,1076,1.0276381909547738
92,06037113233,113233,0.349898120554923,28.0,47500.0,7624,1626,2524,2790,684,0.4427012278308322
93,06037113234,113234,-0.08810139996868693,33.0,56375.0,4818,1215,1070,1768,765,0.5287707061900611
94,06037113235,113235,-0.6534255550190667,36.0,88750.0,1834,428,324,848,234,0.5896328293736501
95,06037113237,113237,-0.2739000122554683,36.0,82821.0,4145,831,714,1674,926,0.878419452887538
96,06037113301,113301,-0.8201815730072592,32.0,66500.0,2960,638,700,1013,609,0.8015776699029126
97,06037113303,113303,-0.5505205658383414,29.0,83971.0,4307,889,768,1826,824,0.9339320076972418
98,06037113321,113321,-0.09436453325118255,29.0,68904.0,6420,1163,1769,3025,463,0.352041980378736
99,06037113322,113322,-0.8848541241784282,33.0,93795.0,4284,653,663,2030,938,1.0066305003013865
100,06037113401,113401,-0.9047929832835748,30.0,84923.0,6284,1154,1655,2477,998,1.0951417004048583
101,06037113421,113421,0.03929647806030267,29.0,61228.0,6810,1629,2102,2399,680,0.5301759133964817
102,06037113422,113422,-0.6515495873691232,32.0,74262.0,6385,1188,1540,2836,821,0.7842546063651591
103,06037115101,115101,-1.0719194266674552,30.0,138750.0,5060,949,820,2187,1104,1.3582175925925926
104,06037115103,115103,1.2886111356157817,18.0,41818.0,3393,76,3200,106,11,0.8
105,06037115104,115104,0.16845224230846922,28.0,51094.0,4752,581,2409,1202,560,0.413023816701839
106,06037115201,115201,-0.40489645780468464,25.0,63768.0,6909,841,2933,2405,730,0.5949529512403764
107,06037115202,115202,-0.5551300279577003,31.0,61202.0,5328,858,1917,2021,532,0.8707124010554089
108,06037115301,115301,-0.8114615538292583,31.0,94615.0,4600,958,654,2006,982,0.7923728813559322
109,06037115302,115302,-0.010561503999264116,29.0,46544.0,4132,1086,1211,1482,353,0.6657191586128482
110,06037115401,115401,-0.7511401250194749,31.0,61483.0,6219,1597,1358,2647,617,0.6174794173527549
111,06037115403,115403,-0.48461955268846657,34.0,52500.0,3722,945,1026,1406,345,0.7247058823529412
112,06037115404,115404,-0.5871054814199701,26.0,63659.0,2926,573,895,1084,374,0.8931799506984388
113,06037117101,117101,-0.23115359758998882,31.0,79005.0,5115,1118,1382,2266,349,0.864297253634895
114,06037117102,117102,-0.6838705215268134,33.0,62643.0,2839,646,732,1130,331,1.262488646684832
115,06037117201,117201,-0.22256830901441046,28.0,55750.0,4785,1433,1182,1549,621,0.6907571288102261
116,06037117202,117202,-0.9948107373061202,35.0,79464.0,2577,552,539,929,557,1.3369330453563715
117,06037117301,117301,-0.32822825467927613,37.0,95391.0,4005,774,880,1731,620,1.3127600554785022
118,06037117302,117302,-0.2769887800913228,34.0,95303.0,5335,1239,943,2217,936,0.7518939393939394
119,06037117303,117303,-0.8301222270883413,35.0,81517.0,3578,752,740,1513,573,1.4880546075085324
120,06037117404,117404,0.1163414667891548,31.0,85448.0,4729,904,1240,2100,485,1.4750420639371846
121,06037117405,117405,0.775459747423789,27.0,36582.0,3723,1189,1284,1164,86,0.22141560798548093
122,06037117407,117407,0.40392130693782125,33.0,28512.0,4064,1526,1057,1368,113,0.24107604759441284
123,06037117408,117408,1.403554705204377,31.0,34630.0,3333,1147,872,1172,142,0.40115163147792704
124,06037117510,117510,0.7664707218140515,36.0,42432.0,4340,1670,1210,1248,212,0.5578890683898762
125,06037117520,117520,0.9094502344975159,31.0,37375.0,4133,1250,1333,1350,200,0.3907628437986507
126,06037117530,117530,0.8353803798725641,38.0,51875.0,6864,2005,2297,2123,439,0.8190279214064116
127,06037119001,119001,-0.7475827048977799,36.0,76932.0,4329,1037,1169,1584,539,1.7459366980325064
128,06037119002,119002,-0.5629247300152767,31.0,79846.0,8052,1853,2389,2884,926,1.8600275355667737
129,06037119201,119201,-0.15773557650590186,30.0,74012.0,4289,1086,1272,1468,463,1.8279569892473118
130,06037119202,119202,-0.6976900692465552,30.0,64196.0,4723,1063,1316,1780,564,1.2684766214177978
131,06037119310,119310,0.13132363774514427,34.0,47049.0,4085,837,988,1699,561,0.8026809651474531
132,06037119320,119320,0.23360708693975302,34.0,63375.0,4761,1288,1469,1673,331,0.6406174626145683
133,06037119340,119340,1.063540449130033,33.0,29891.0,4032,1446,1216,1245,125,0.22379032258064516
134,06037119341,119341,-0.3403566524072439,35.0,47778.0,2877,528,797,1110,442,0.6164179104477612
135,06037119342,119342,0.4392367559056256,34.0,52083.0,3092,898,857,1137,200,1.0247524752475248
136,06037119400,119400,-0.2993285075172299,31.0,81711.0,5426,1129,1523,2205,569,1.960812772133527
137,06037119700,119700,-1.0799715748673282,29.0,79986.0,5076,1114,1033,2197,732,1.387328543435663
138,06037119800,119800,-0.8116096740338254,31.0,74906.0,6130,1169,1975,2334,652,1.5315614617940199
139,06037119900,119900,-0.6253670648273572,31.0,74183.0,4998,1093,1254,2033,618,1.4356087262491204
140,06037120010,120010,0.019539205695352002,34.0,50500.0,2701,642,801,1009,249,1.1869767441860466
141,06037120020,120020,0.3695811274771825,26.0,32551.0,3853,888,1069,1565,331,0.4630518234165067
142,06037120030,120030,0.49843203073306397,29.0,27162.0,2683,775,690,975,243,0.24912033779028853
143,06037120103,120103,0.8789097955739745,30.0,28073.0,3399,1215,944,1104,136,0.2746305418719212
144,06037120104,120104,-0.10498467023207014,34.0,36375.0,2236,514,695,851,176,0.1330150068212824
145,06037120105,120105,0.2015705130631365,33.0,32202.0,2872,766,563,1101,442,0.7478491065519524
146,06037120106,120106,0.6960658343006552,37.0,31897.0,4663,1551,1176,1659,277,0.2002694207453974
147,06037120107,120107,1.031430292348254,32.0,27986.0,3703,1389,853,1319,142,0.09560975609756098
148,06037120108,120108,0.6129227854293262,32.0,36707.0,4754,1205,1274,1874,401,0.2994858611825193
149,06037120300,120300,-0.4894889181106217,31.0,67241.0,5190,992,1358,2215,625,1.426383981154299
150,06037120400,120400,0.005631735948665062,27.0,51554.0,6664,1339,1919,2592,814,0.7493012856344327
151,06037121010,121010,-0.21100916812970905,35.0,64135.0,4901,1064,1318,1830,689,1.0874617737003058
152,06037121020,121020,-0.37590719023667407,31.0,50685.0,3617,723,1120,1469,305,0.9349544072948328
153,06037121101,121101,0.3572778746755533,30.0,50833.0,2900,683,848,1175,194,0.6671280276816609
154,06037121102,121102,-0.516680124369313,29.0,46628.0,2724,575,602,1105,442,0.9963669391462306
155,06037121210,121210,-0.41344424957815495,33.0,62109.0,3066,617,710,1176,563,1.2723048327137547
156,06037121221,121221,-0.3072810055382301,28.0,60278.0,2402,481,701,949,271,1.645658263305322
157,06037121222,121222,-0.19328133785363139,30.0,48883.0,5378,1646,1630,1757,345,0.7259941804073715
158,06037121600,121600,-0.8780939660392098,36.0,78750.0,2542,346,595,1164,437,1.1201923076923077
159,06037121801,121801,0.4124551270451322,33.0,34628.0,2999,628,798,1245,328,0.33473684210526317
160,06037121802,121802,-0.8326441648269164,34.0,64293.0,3249,699,881,1284,385,1.5232690124858115
161,06037121900,121900,0.5333762797190347,30.0,52708.0,3657,679,1144,1373,461,1.5601816805450417
162,06037122000,122000,-0.41525001871675893,28.0,72715.0,6287,1168,1735,2475,909,1.2987012987012987
163,06037122120,122120,0.03290853894084596,27.0,54722.0,4616,1101,1330,1724,461,0.9627289955780164
164,06037122121,122121,-0.11590121264677804,28.0,49318.0,2593,484,777,994,338,1.0558659217877095
165,06037122122,122122,-0.2608880763318717,26.0,40156.0,2652,736,782,908,226,0.739961759082218
166,06037122200,122200,-0.21907659643401062,30.0,58818.0,3739,974,914,1516,335,1.2034149962880476
167,06037122410,122410,0.8019842512554843,31.0,31397.0,3588,899,1122,1208,359,0.3629380700912146
168,06037122420,122420,-0.09880351302382331,30.0,42000.0,4381,1008,1213,1874,286,0.6611570247933884
169,06037123010,123010,0.025272504311195376,34.0,32768.0,3959,1122,1051,1395,391,0.6630743051616562
170,06037123020,123020,-0.09364374224597122,32.0,51042.0,3343,785,971,1253,334,1.2548330404217927
171,06037123103,123103,0.46219475060472626,29.0,45000.0,3883,903,1088,1417,475,0.4338403041825095
172,06037123104,123104,-0.18157569986304817,25.0,43012.0,4537,1155,1080,1727,575,0.48167155425219943
173,06037123203,123203,0.21439482364340975,28.0,39454.0,3880,1066,1123,1456,235,0.3412366341236634
174,06037123204,123204,-0.031166740902871803,30.0,39970.0,3004,652,984,1204,164,0.3155021834061135
175,06037123205,123205,-0.21655445118806618,30.0,46295.0,2615,604,781,1048,182,0.5603197674418605
176,06037123206,123206,0.054796555116969445,31.0,34458.0,2638,579,700,1136,223,0.4520547945205479
177,06037123301,123301,0.10993134779126533,35.0,60144.0,4356,622,1538,1663,533,0.6932616783794957
178,06037123303,123303,0.537620337306422,31.0,40700.0,2987,535,895,1117,440,0.6076826196473551
179,06037123304,123304,0.4634659709061749,30.0,37935.0,4348,1017,984,1554,793,0.3430560159098442
180,06037123410,123410,-0.0398790165540689,30.0,52500.0,4249,895,1170,1698,486,0.3423633815973844
181,06037123420,123420,0.18530131956652687,30.0,43290.0,4359,1007,1154,1731,467,0.6182978723404255
182,06037123510,123510,0.4458082474099627,34.0,47292.0,4913,989,1321,1920,683,0.6755587599134824
183,06037123520,123520,0.05631651833187526,32.0,53098.0,2888,737,821,1055,275,0.49174443646805455
184,06037123601,123601,0.021674080598811325,31.0,54283.0,4741,778,1156,2030,777,0.3741648106904232
185,06037123602,123602,-0.2973218306979023,35.0,55641.0,3664,587,886,1610,581,0.5121092029942756
186,06037123700,123700,-0.6298804033865935,31.0,66726.0,4338,838,876,1929,695,0.5225269343780607
187,06037123800,123800,-0.1974921408195937,34.0,63333.0,6150,1080,1624,2667,779,0.3705391040242976
188,06037123901,123901,-0.23137338500680807,33.0,50132.0,4374,1087,1006,1879,402,0.27809965237543455
189,06037123902,123902,0.009319528728989779,33.0,65977.0,2499,423,548,1187,341,0.3903243540406817
190,06037124000,124000,0.31041980209898423,28.0,84201.0,5131,953,1362,1975,841,0.5410539215686274
191,06037124102,124102,0.025922538939548045,30.0,46723.0,3542,643,1264,1330,305,0.17414141414141415
192,06037124103,124103,-0.31745904742249414,24.0,41702.0,1983,481,604,653,245,0.7306532663316583
193,06037124104,124104,-0.07386501369912993,32.0,39083.0,2444,524,868,876,176,0.3971861471861472
194,06037124105,124105,-0.21468613568095174,31.0,44177.0,2462,509,865,912,176,0.17475160724722386
195,06037124201,124201,-0.20509949335434052,33.0,52917.0,3435,618,806,1580,431,0.4227733934611049
196,06037124203,124203,-0.21341827829029536,31.0,48750.0,2537,339,872,1051,275,0.6384558277654045
197,06037124204,124204,0.7316342247914294,30.0,48041.0,2152,229,722,992,209,0.11364934323243861
198,06037124300,124300,0.012383947500358178,34.0,42643.0,3026,477,985,1170,394,0.24988078206962328
199,06037124400,124400,-0.32824900362658693,31.0,75670.0,4690,1095,1207,1653,735,0.3595902507947722
200,06037124500,124500,-0.5064652547301369,32.0,91667.0,3057,679,724,1342,312,0.4823982398239824
201,06037124600,124600,-0.389027945605524,28.0,71750.0,3031,390,826,1371,444,0.47392290249433106
202,06037124700,124700,-0.7874656399271341,33.0,90795.0,5697,895,1524,2435,843,0.45409429280397023
203,06037124902,124902,0.6762213039837637,33.0,34572.0,2654,391,787,911,565,0.04445210199862164
204,06037124903,124903,0.7563983807223775,27.0,56223.0,3587,344,1211,1522,510,0.34723195515066574
205,06037125100,125100,0.42440019075030283,27.0,66134.0,6044,1050,1854,2336,804,0.34000408413314276
206,06037125200,125200,0.5143019429378785,33.0,64219.0,3623,708,817,1794,304,0.22252217508677208
207,06037125310,125310,0.13604005808250008,28.0,53022.0,4761,740,1695,1902,424,0.3247696174253002
208,06037125320,125320,0.02749762518439422,29.0,34681.0,5379,326,2681,1597,775,0.20930232558139536
209,06037125401,125401,-0.20704373688026945,37.0,59824.0,4729,289,2731,1453,256,0.2018575851393189
210,06037125402,125402,-0.24944580292112956,27.0,66546.0,4676,456,1879,2054,287,0.23255813953488372
211,06037125501,125501,0.06365894712033582,33.0,47227.0,3127,349,1290,1308,180,0.2662860980523841
212,06037125502,125502,0.45123056631061187,30.0,65919.0,3457,365,1192,1464,436,0.1852922286448298
213,06037125600,125600,0.0777600386008876,34.0,81357.0,2795,562,443,1325,465,0.3633276740237691
214,06037127102,127102,0.5198250152896406,31.0,43579.0,5663,1197,1856,2294,316,0.4713235294117647
215,06037127103,127103,0.7058442805119379,30.0,42477.0,3187,1002,839,1046,300,0.3893360160965795
216,06037127104,127104,-0.002091353931180484,35.0,39931.0,3588,885,978,1376,349,0.38461538461538464
217,06037127210,127210,0.3757725221960285,32.0,51658.0,5714,1479,1599,2104,532,0.28885350318471337
218,06037127220,127220,0.696195987619664,33.0,40665.0,5005,1009,1377,2091,528,0.3154499151103565
219,06037127300,127300,-0.5669505984411288,38.0,53476.0,3731,724,846,1676,485,0.484073575594437
220,06037127400,127400,-0.13549779885162505,29.0,48193.0,6673,1797,1709,2811,356,0.6130622304374614
221,06037127520,127520,0.4484891052793493,32.0,29842.0,4544,1331,1180,1613,420,0.15904139433551198
222,06037127603,127603,0.9480632588462323,30.0,40731.0,3154,1067,786,1005,296,0.454178674351585
223,06037127604,127604,0.0966411204582194,34.0,41753.0,3093,692,919,1047,435,0.3271428571428571
224,06037127605,127605,0.8309233455682099,37.0,41701.0,3998,1300,1248,1329,121,0.3575178997613365
225,06037127606,127606,-0.08771777903206938,32.0,62736.0,3499,809,817,1511,362,0.47558386411889597
226,06037127711,127711,0.09736807054047675,29.0,63650.0,3451,802,907,1463,279,0.5391487125591172
227,06037127712,127712,-0.3391264522954247,37.0,39333.0,3669,803,1218,1416,232,0.21272855133614627
228,06037127803,127803,0.4001106267059863,32.0,36269.0,4675,1281,1197,1528,669,0.22826086956521738
229,06037127804,127804,0.15183007397087045,32.0,50564.0,4450,1006,1281,1766,397,0.4069935111751983
230,06037127805,127805,0.1946327188253887,36.0,43135.0,3785,841,1114,1270,560,0.23845428840716307
231,06037127806,127806,0.2860356389130421,33.0,36633.0,3253,774,910,1276,293,0.14733969986357434
232,06037127910,127910,0.2674234022782201,34.0,41083.0,4960,1158,1477,1794,531,0.2807720320466133
233,06037127920,127920,0.1770070130856491,31.0,54038.0,4633,1234,1223,1841,335,0.7084683017121703
234,06037128101,128101,0.14824753311650674,39.0,57313.0,3715,738,1015,1592,370,0.46654275092936803
235,06037128102,128102,0.17817516819596188,38.0,45517.0,4976,1247,1383,2077,269,0.28130738156445095
236,06037128210,128210,1.257311899566186,33.0,31223.0,5247,1541,1509,1938,259,0.2859520639147803
237,06037128220,128220,0.00941104174163876,36.0,38910.0,3106,639,1034,1138,295,0.3465250965250965
238,06037128302,128302,-0.1557226706709732,34.0,45508.0,4832,1133,1335,2016,348,0.5203101920236337
239,06037128303,128303,0.9296855145177989,39.0,38243.0,3650,1097,1089,1302,162,0.29491833030852993
240,06037128400,128400,-0.7372478776024243,33.0,75000.0,4265,883,955,1935,492,0.5131115459882584
241,06037128500,128500,-0.21838639922448552,30.0,64676.0,4123,666,1023,1861,573,0.17913148371531967
242,06037128601,128601,0.41452668186557035,32.0,44963.0,4526,999,1172,2010,345,0.36782752902155885
243,06037128602,128602,-0.5867681224774733,32.0,85670.0,3910,864,1153,1362,531,0.9654012493993273
244,06037128702,128702,-0.3397336033563708,30.0,74120.0,6026,819,1675,2491,1041,0.27088830255057167
245,06037128801,128801,-0.13623879794734323,32.0,61821.0,3425,378,1191,1375,481,0.1021875
246,06037128802,128802,-0.5388627055816322,34.0,88375.0,4959,1019,1157,2047,736,0.33848847388386344
247,06037128910,128910,-0.12417779866859993,34.0,91161.0,4530,827,1132,2056,515,0.46786546786546784
248,06037131010,131010,-0.4676210018350746,30.0,55323.0,6542,1551,1899,2618,474,0.6751283513976041
249,06037131020,131020,-0.509790868807769,27.0,67500.0,6133,1422,1587,2635,489,1.109735269000854
250,06037131100,131100,-0.8052142112866651,37.0,68553.0,3372,761,682,1394,535,1.1561144839549002
251,06037131200,131200,-0.8512951810157353,35.0,69250.0,3129,579,644,1376,530,0.7319655857048313
252,06037131300,131300,-0.6508357475543745,37.0,68077.0,5430,1296,1365,2066,703,1.687298517085751
253,06037131400,131400,-0.2400273131302417,35.0,65255.0,6409,1290,1598,2644,877,0.7992514460700919
254,06037131600,131600,-0.519224417703553,33.0,68214.0,5270,1094,1192,2337,647,1.2054429028815368
255,06037131701,131701,0.3624244677098861,29.0,53561.0,5214,1228,1222,2091,673,0.555205047318612
256,06037131702,131702,-0.16464787601389344,36.0,67054.0,3725,851,938,1513,423,0.7966216216216216
257,06037131800,131800,-0.5884210821942497,33.0,61758.0,6141,1341,1709,2390,701,0.8266265513350883
258,06037131900,131900,-0.44552306519489004,30.0,75255.0,4824,953,1169,2185,517,0.965742251223491
259,06037132001,132001,-0.325097594251528,28.0,75000.0,3613,923,811,1470,409,0.8948701709943002
260,06037132002,132002,-0.2882808373476824,32.0,102989.0,3250,725,709,1395,421,0.6397919375812744
261,06037132101,132101,-0.26119771740643094,31.0,72908.0,4555,825,1182,2099,449,0.47784431137724553
262,06037132102,132102,-0.2272643037221512,33.0,50664.0,5780,1354,1461,2250,715,0.4859981933152665
263,06037132300,132300,-0.3311840763801396,30.0,42708.0,7601,1826,1941,3183,651,0.43524416135881105
264,06037132501,132501,0.09086549175656194,28.0,53828.0,4539,861,1079,1776,823,0.5074626865671642
265,06037132502,132502,0.8363367981454997,30.0,59917.0,4085,933,1038,1599,515,0.66864490603363
266,06037132700,132700,-0.8424576333087359,32.0,68553.0,5048,1317,1065,2140,526,0.5041758241758242
267,06037132900,132900,-0.48779183375039986,36.0,80202.0,3679,639,724,1693,623,0.8681690140845071
268,06037133000,133000,-0.1706000664786596,34.0,67782.0,4449,935,977,1899,638,1.0476190476190477
269,06037133100,133100,-0.6756119003718333,34.0,51417.0,5578,1056,1246,2126,1150,0.49577729121050984
270,06037134001,134001,-0.43803817017310837,26.0,57061.0,3936,945,1124,1580,287,0.6970074812967582
271,06037134002,134002,-0.379672222421676,32.0,53594.0,3836,801,1106,1429,500,0.5433070866141733
272,06037134101,134101,-0.46388370828082476,37.0,66360.0,5469,1360,1284,2244,581,0.9030333167578319
273,06037134103,134103,-0.5829094228310816,30.0,76250.0,4543,914,876,2038,715,0.8007747648035418
274,06037134104,134104,-0.6159768402958893,31.0,57355.0,4635,1026,1285,1811,513,0.5371376811594203
275,06037134201,134201,-0.5621166866392142,35.0,90528.0,4542,1073,1053,1879,537,0.9146023468057366
276,06037134302,134302,-0.10913878064618321,28.0,95833.0,3824,646,969,1681,528,1.0903954802259888
277,06037134303,134303,-0.34936598651776624,31.0,88526.0,5723,884,1271,2616,952,0.9828042328042328
278,06037134304,134304,-0.7343599087948389,32.0,73152.0,3034,586,614,1285,549,0.9262634631317316
279,06037134305,134305,0.11630263678173869,27.0,40000.0,4319,1332,1441,1420,126,0.3938310236924452
280,06037134306,134306,-0.20844483278540796,31.0,73516.0,4111,946,962,1741,462,0.4373857404021938
281,06037134421,134421,-0.975342575851869,32.0,131250.0,3957,903,536,1706,812,1.3358831710709318
282,06037134422,134422,-0.7979108786099853,28.0,108929.0,4812,991,899,2119,803,1.0454299621416983
283,06037134423,134423,-0.788756527458613,38.0,100427.0,3531,564,684,1485,798,1.1908794788273616
284,06037134424,134424,-1.2695051633588457,32.0,141875.0,2844,477,519,1237,611,1.2958034800409417
285,06037134520,134520,-0.14721230725585377,28.0,41894.0,6072,1549,1637,2314,572,0.3482298316889147
286,06037134521,134521,0.2113095357679131,29.0,51932.0,3687,1156,1300,1140,91,0.47701149425287354
287,06037134522,134522,0.6427036681675463,30.0,37003.0,4305,1248,1202,1534,321,0.2846832397754611
288,06037134710,134710,0.1614447723519616,31.0,43708.0,5547,1361,1342,2360,484,0.4372399445214979
289,06037134720,134720,-0.04501110270171693,32.0,63510.0,4549,918,1351,1752,528,0.5139917695473251
290,06037134800,134800,-0.8481281800961453,34.0,80109.0,6473,1283,1586,2820,784,1.2710997442455243
291,06037134901,134901,-0.0995533084410079,35.0,68382.0,3119,676,535,1341,567,0.49056603773584906
292,06037134903,134903,-0.23225526226383092,32.0,63185.0,6435,1267,3002,1889,277,0.21652639632746748
293,06037134904,134904,-0.3092006848355846,25.0,44774.0,4272,773,1257,1808,434,0.6804218248509858
294,06037134905,134905,0.10136099094159967,31.0,79985.0,4354,341,1782,1787,444,0.14021967749474176
295,06037135102,135102,-0.7989787225897251,33.0,127721.0,3924,761,911,1704,548,0.8448753462603878
296,06037135111,135111,-0.9534220309616273,28.0,100911.0,3496,769,840,1530,357,0.8265931372549019
297,06037135113,135113,-0.6943038448584508,23.0,75833.0,3268,643,882,1191,552,0.475705329153605
298,06037135114,135114,0.7286195015004648,26.0,60101.0,5019,598,2431,1321,669,0.0
299,06037135201,135201,-0.8884544662377067,31.0,107407.0,2900,699,532,1157,512,1.0073059360730594
300,06037135202,135202,-0.7366052645084399,31.0,108500.0,4597,1090,579,2238,690,1.0186697782963827
301,06037135203,135203,-0.8646004623524579,37.0,115519.0,7674,1706,1183,3475,1310,1.1070823449678076
303,06037137103,137103,-0.6123854726712473,28.0,76906.0,5311,705,1249,2394,963,0.29646865589926086
304,06037137104,137104,-0.45755364315591746,46.0,103799.0,2889,588,492,1196,613,0.5538461538461539
305,06037137201,137201,-0.01291561478119066,35.0,75988.0,6063,1480,1358,2568,657,0.39552034963124827
306,06037137301,137301,-1.2299479753760263,34.0,152188.0,2354,475,362,1106,411,1.6798975672215108
307,06037137302,137302,-1.1092725127423702,32.0,134971.0,4406,794,455,2127,1030,0.8640939597315436
308,06037137401,137401,-0.5797993315531106,36.0,109821.0,4403,946,916,1937,604,0.5992402659069326
309,06037137402,137402,-0.9294820162973182,36.0,100781.0,4887,943,456,2208,1280,0.5512082853855006
310,06037137501,137501,-0.3544684094466453,36.0,85089.0,4516,793,1308,1793,622,0.4266752994496601
311,06037137502,137502,-0.8776975671409533,32.0,99836.0,4823,1044,850,2058,871,0.6366892160764027
312,06037137504,137504,-1.2343254512252049,33.0,158500.0,2073,374,328,808,563,1.2935393258426966
313,06037138000,138000,-0.8701458988483867,37.0,128026.0,4673,779,648,2210,1036,0.9388145315487572
314,06037139001,139001,-0.7224682896794163,35.0,80156.0,5618,1556,864,2503,695,0.3410248726400959
315,06037139200,139200,-0.10245204968481705,38.0,67420.0,5840,1128,1535,2206,971,0.3492268041237113
316,06037139301,139301,-0.5503977796719834,33.0,105192.0,4590,892,768,2070,860,1.3575514874141876
317,06037139302,139302,0.20158561583910736,30.0,51157.0,5549,1335,1741,1971,502,0.3486896551724138
318,06037139303,139303,0.3666976656134475,34.0,53297.0,4393,753,1213,1911,516,0.3723966428349394
319,06037139401,139401,-0.5858303284364184,34.0,63048.0,2795,470,566,1248,511,0.16292848074481592
320,06037139402,139402,-0.8550663664371451,36.0,128529.0,2889,827,309,1188,565,1.1066790352504638
321,06037139502,139502,-0.18260784101464234,36.0,69048.0,2856,442,521,1205,688,0.6287425149700598
322,06037139503,139503,-0.0533470666976473,34.0,56479.0,5887,1043,1434,2372,1038,0.34167038856632426
323,06037139504,139504,0.38925024702869004,34.0,56082.0,4018,559,1154,1565,740,0.2484015345268542
324,06037139600,139600,-0.34906279640170773,36.0,79023.0,4803,961,897,2012,933,0.4140256237356709
325,06037139701,139701,-1.2270873878817836,34.0,144337.0,5336,990,1014,2166,1166,0.9671266233766234
326,06037139702,139702,-1.2967955598318408,33.0,202471.0,6230,1610,473,2562,1585,1.051358234295416
327,06037139703,139703,-0.9520836284387023,36.0,123750.0,2872,755,426,1118,573,1.0139982502187226
328,06037139801,139801,-1.1768179381956778,38.0,137917.0,3517,609,378,1525,1005,1.1561837455830388
329,06037139802,139802,-1.3864253036680447,37.0,144031.0,3958,703,645,1774,836,1.422237380627558
330,06037141101,141101,0.352320011272464,33.0,63047.0,4896,897,1649,1828,522,0.32433108277069267
331,06037141102,141102,-0.3756857492753975,30.0,95391.0,3068,531,780,1337,420,0.4732394366197183
332,06037141201,141201,-0.06509400591403025,32.0,67321.0,4471,657,1562,1681,571,0.1691919191919192
333,06037141202,141202,0.3930985062689243,30.0,75403.0,2751,505,576,1302,368,0.27144120247568526
334,06037141302,141302,-0.26527832366566795,35.0,88289.0,5992,725,2016,2560,691,0.3338595106550908
335,06037141303,141303,-0.47289991425063643,34.0,72847.0,3427,331,1286,1220,590,0.10628172588832488
336,06037141304,141304,-0.10508366386697764,29.0,84286.0,3087,550,774,1296,467,0.1741166453810132
337,06037141400,141400,-0.717741201058848,30.0,96744.0,4979,1083,1060,1750,1086,0.3243847874720358
338,06037141500,141500,-1.0315391214750982,30.0,214313.0,2977,694,270,1351,662,1.009090909090909
339,06037141600,141600,-0.40250081873887567,33.0,195071.0,4210,927,475,1994,814,0.740432612312812
340,06037141700,141700,-1.1514436344991337,37.0,205188.0,3057,563,364,1513,617,1.0688836104513064
341,06037143100,143100,-0.1254040110188497,28.0,97727.0,4422,474,1277,2125,546,0.3551942683934968
342,06037143200,143200,0.22833930804020455,36.0,74063.0,4210,562,1379,1957,312,0.1992713004484305
343,06037143300,143300,-0.5230685569472838,29.0,87125.0,6730,985,1543,3212,990,0.3154821824038655
344,06037143400,143400,-0.3487104706255483,34.0,106920.0,6688,1150,1637,2841,1060,0.32650420530515417
345,06037143500,143500,0.05071218523821869,33.0,91563.0,5241,1179,990,2484,588,0.28365515365787325
346,06037143602,143602,-0.17341111898063877,31.0,84336.0,4648,710,1006,2146,786,0.12522522522522522
347,06037143603,143603,-0.25470409282231027,30.0,77667.0,2369,293,645,1148,283,0.09836065573770492
348,06037143604,143604,0.20859273394403352,28.0,63275.0,3521,266,1957,1130,168,0.0760474691208525
349,06037143700,143700,-0.4267820561688993,32.0,106818.0,3916,526,713,2259,418,0.4269568857262453
350,06037143800,143800,-0.621890289815344,32.0,132366.0,5708,1067,1364,2481,796,0.42501383508577756
351,06037143901,143901,-0.35100048208551216,35.0,208438.0,4343,970,552,1930,891,1.1248581157775255
352,06037143902,143902,-0.7131394361437801,32.0,120781.0,2856,450,686,1256,464,0.5143769968051118
353,06037181000,181000,-0.9108734915704726,33.0,117409.0,6523,1220,1024,2879,1400,1.0262877442273535
354,06037181300,181300,-0.8812319919934184,30.0,107371.0,4058,709,780,1829,740,0.8529244747302669
355,06037181400,181400,-0.39772452379753254,28.0,57382.0,4669,793,1123,1945,808,0.3629985228951256
356,06037181500,181500,-0.19292363157697795,31.0,108269.0,3918,778,707,1766,667,0.655673560648407
357,06037181600,181600,-0.04824206232541739,25.0,74205.0,4666,686,2276,1302,402,0.5996106424399741
358,06037183101,183101,-0.3921468342376661,32.0,57893.0,3437,802,713,1393,529,0.38165983606557374
359,06037183103,183103,-0.21196471685321946,35.0,59076.0,4508,1018,1319,1797,374,0.7060594655626646
360,06037183104,183104,-0.3035645813064184,35.0,76034.0,2226,377,589,866,394,0.9135922330097087
361,06037183220,183220,0.02519068627338919,40.0,56710.0,4022,880,1153,1524,465,0.7851648351648352
362,06037183221,183221,-0.17663125302577706,30.0,62011.0,3584,781,1022,1369,412,0.7601947656725502
363,06037183222,183222,0.08161389432685215,32.0,70089.0,3459,563,742,1433,721,0.5913677130044843
364,06037183300,183300,-0.4660997974216592,30.0,73765.0,3256,543,900,1364,449,0.7821917808219178
365,06037183401,183401,-0.4057574110211599,33.0,59211.0,2322,468,648,899,307,0.624780316344464
366,06037183402,183402,-0.0071526883514560075,24.0,60972.0,2994,523,1094,1033,344,0.5349583066067992
367,06037183510,183510,0.04152692924208086,33.0,70357.0,2612,512,773,998,329,1.0208333333333333
368,06037183520,183520,0.6403441869284352,31.0,44276.0,3787,949,998,1537,303,0.37108559498956156
369,06037183610,183610,0.7310749143847605,32.0,56563.0,3434,788,966,1358,322,0.5327820437093916
370,06037183620,183620,0.3282966994267003,30.0,56597.0,3245,885,944,1085,331,0.615979381443299
371,06037183701,183701,-0.29490086955826045,36.0,49386.0,3789,615,1503,1250,421,0.3879757785467128
372,06037183702,183702,-0.22904336557355465,32.0,54602.0,2906,592,840,1146,328,0.6635802469135802
373,06037183810,183810,0.518349308250472,31.0,47350.0,4406,1035,1519,1524,328,0.4233918128654971
374,06037183820,183820,-0.2460514164790638,33.0,37857.0,4023,1109,1245,1587,82,0.6507297433316558
375,06037185100,185100,-0.1567391777425182,35.0,101103.0,6677,991,2061,2786,839,0.8802568218298555
376,06037185202,185202,0.2487237039368268,32.0,63545.0,3729,662,1080,1451,536,0.3094106463878327
377,06037185203,185203,0.2721079874935852,32.0,48796.0,3609,730,1239,1322,318,1.0227120908483633
378,06037185204,185204,-0.8735986127225488,37.0,85625.0,1979,321,259,942,457,0.827438370846731
379,06037185310,185310,0.15256729123212345,34.0,58194.0,3113,787,900,1070,356,0.7211895910780669
380,06037185320,185320,0.6931192801998398,31.0,45600.0,2970,670,743,1250,307,0.5168700646087581
381,06037186100,186100,-0.796105974317656,36.0,92738.0,5024,862,1104,2237,821,0.5392943063352045
382,06037186201,186201,0.03736884626192816,37.0,62125.0,3437,605,1015,1170,647,0.6498144712430427
383,06037186202,186202,-0.7165172740097445,36.0,84375.0,1953,366,451,896,240,0.44176706827309237
384,06037186203,186203,-0.5978435162877593,32.0,108011.0,3303,678,614,1587,424,1.0786782061369
385,06037186301,186301,0.5147085976455908,31.0,45769.0,3074,765,1000,1019,290,0.5171743357096565
386,06037186302,186302,-0.18657342242738023,32.0,74244.0,5442,965,1217,2511,749,0.4862962962962963
387,06037186401,186401,0.046479801287804885,34.0,40282.0,3437,1008,902,1228,299,0.29910714285714285
388,06037186403,186403,-0.3047280348481496,29.0,55625.0,2743,490,692,1022,539,0.6684410646387833
389,06037186404,186404,0.01460971774126818,30.0,57574.0,2816,662,769,1169,216,0.690566037735849
390,06037187101,187101,-0.5876391846246158,31.0,79898.0,3267,469,895,1244,659,0.5409252669039146
391,06037187102,187102,0.41106253301844237,32.0,53333.0,3897,812,991,1502,592,0.6089866156787763
392,06037187200,187200,-0.3223225088363687,30.0,67125.0,2968,505,981,1142,340,0.8656614119259767
393,06037187300,187300,-0.2848627728015565,29.0,94710.0,3479,526,1064,1547,342,0.37446808510638296
394,06037188100,188100,-0.5481537974434265,29.0,59306.0,3963,553,1474,1541,395,0.15573482988425114
395,06037188201,188201,0.03228057573907031,31.0,79292.0,3548,364,1290,1547,347,0.16666666666666666
396,06037188202,188202,-0.7990610149797384,31.0,110442.0,2334,246,688,889,511,0.2999407231772377
397,06037188300,188300,-0.4575651840396582,38.0,99375.0,3955,617,873,1782,683,0.7020018198362148
398,06037189101,189101,-0.014212494961398536,30.0,65451.0,2410,268,868,946,328,0.13130471029595664
399,06037189102,189102,-0.31055998961647296,29.0,85331.0,3283,372,1139,1374,398,0.1827799000881575
400,06037189201,189201,0.4774604044562815,30.0,40048.0,3370,260,1473,1200,437,0.12400920480695474
401,06037189202,189202,-0.2979451912851345,29.0,115291.0,2325,365,482,1008,470,0.23170731707317074
402,06037189300,189300,-0.4696940093771902,30.0,174943.0,3130,670,394,1404,662,0.6549925484351714
403,06037189400,189400,-0.2175734875409349,32.0,159609.0,3247,423,714,1645,465,0.3295799047206583
404,06037189500,189500,0.5484154735019295,28.0,52976.0,4151,86,1514,2026,525,0.23239577099541192
405,06037189600,189600,0.023689040546599427,25.0,70109.0,3787,371,1315,1798,303,0.2616933096506809
406,06037189701,189701,-0.534052089389708,32.0,91451.0,3200,458,754,1530,458,0.3417235494880546
407,06037189702,189702,0.4989569892611647,34.0,84583.0,2090,224,389,1056,421,0.07925801011804384
408,06037189800,189800,0.03686129573809921,31.0,67872.0,3923,410,1215,1737,561,0.10122989593188268
409,06037189902,189902,0.08941379226436733,32.0,56378.0,5117,127,2217,2287,486,0.2585423329405824
410,06037189903,189903,0.04882035801504758,27.0,53973.0,2009,0,1002,854,153,0.038975926633549866
411,06037189904,189904,0.15384425015681105,27.0,48293.0,2402,118,1154,945,185,0.11055276381909548
412,06037189905,189905,-0.16703883667584513,34.0,68393.0,2402,104,926,998,374,0.04344512195121951
413,06037190100,190100,1.0379956177875052,35.0,52097.0,4603,225,2251,1726,401,0.13862472567666423
414,06037190201,190201,1.1518181548561686,33.0,29706.0,2533,163,1355,679,336,0.035545023696682464
415,06037190202,190202,0.1988999675189439,30.0,38250.0,3328,44,1447,1487,350,0.07425202009172309
416,06037190301,190301,-0.06515979240155409,28.0,48924.0,5650,188,2160,2552,750,0.11079393398751115
417,06037190401,190401,0.7052809458739532,26.0,44235.0,2863,160,1179,1196,328,0.12690209589434395
418,06037190402,190402,-0.1538694013850882,32.0,34138.0,2405,175,825,1045,360,0.20127675553886595
419,06037190510,190510,0.2439583886453301,31.0,41736.0,4240,614,1660,1671,295,0.2913068508923431
420,06037190520,190520,0.5279893793691519,30.0,35938.0,3873,524,1125,1576,648,0.14107883817427386
421,06037190700,190700,0.5324386894780664,29.0,37300.0,2841,234,1092,1058,457,0.007514088916718848
422,06037190801,190801,1.1368308059610963,39.0,25997.0,2693,300,1062,828,503,0.1420590582601756
423,06037190802,190802,0.1783425262695558,28.0,39564.0,2835,278,1114,1205,238,0.07811291569992267
424,06037190901,190901,0.2169104744610213,35.0,32212.0,4429,897,1180,1942,410,0.22956521739130434
425,06037190902,190902,-0.04451204448305422,33.0,35787.0,3835,736,1245,1476,378,0.2183050847457627
426,06037191000,191000,-0.18766273226606464,35.0,54021.0,4621,511,2247,1666,197,0.15965646333406738
427,06037191110,191110,0.23720220498227274,25.0,36667.0,3476,170,843,1783,680,0.2405727923627685
428,06037191120,191120,0.6286256298830819,30.0,38204.0,4068,648,1254,1516,650,0.16942422236929186
429,06037191201,191201,0.2558101510664371,22.0,45772.0,4352,405,1160,1903,884,0.10800627943485086
430,06037191203,191203,1.698271788944598,28.0,26167.0,2466,364,676,1034,392,0.11135660627485638
431,06037191204,191204,0.18237928124985128,35.0,39769.0,2156,379,653,898,226,0.10148367952522255
432,06037191301,191301,0.15127943861346388,33.0,44750.0,2402,433,762,926,281,0.24189944134078212
433,06037191302,191302,0.1734420708975235,32.0,44306.0,2073,266,755,797,255,0.23529411764705882
434,06037191410,191410,0.0178441282945954,35.0,31822.0,4932,1162,1511,1858,401,0.19374430610385668
435,06037191420,191420,-0.40009018465744717,37.0,62073.0,3423,510,1403,1240,270,0.3469477382520861
436,06037191500,191500,0.18507584374881406,38.0,47500.0,5776,922,1856,2268,730,0.43282118339326575
437,06037191610,191610,0.5916148683084762,36.0,44781.0,4208,873,1242,1740,353,0.18592592592592594
438,06037191620,191620,1.0855485280128017,39.0,28229.0,2691,530,797,842,522,0.10316742081447963
439,06037191710,191710,0.47373661604604783,31.0,28464.0,2734,459,885,1098,292,0.12001832340815392
440,06037191720,191720,0.3658092247055811,36.0,27083.0,3459,858,975,1303,323,0.23412204234122042
441,06037191810,191810,0.259047009889145,31.0,47344.0,3417,667,1102,1445,203,0.22065532973869764
442,06037191820,191820,-0.4153290362610101,37.0,64167.0,3095,363,1333,1170,229,0.2665121668597914
443,06037191901,191901,0.15027398389146907,34.0,53173.0,2841,194,1451,952,244,0.04110868888196823
444,06037191902,191902,-0.9069855326942116,29.0,90221.0,2671,429,867,1053,322,0.02741067058247675
445,06037192001,192001,0.04915722956184512,25.0,65250.0,2410,282,787,913,428,0.18094782192436573
446,06037192002,192002,0.07321665747368694,29.0,106271.0,2596,277,815,1137,367,0.28414442700156983
447,06037192300,192300,-0.2738796209834397,29.0,100938.0,2475,228,769,1114,364,0.11348464619492657
448,06037192410,192410,-0.4114753629665481,32.0,74118.0,3757,551,1166,1574,466,0.33098068350668647
449,06037192420,192420,-0.5716304833621693,33.0,59046.0,4101,662,1637,1519,283,0.2391135303265941
450,06037192510,192510,-0.26105382482189116,28.0,48218.0,3873,840,939,1650,444,0.33467381590705986
451,06037192520,192520,-0.4006152666925971,34.0,43531.0,5298,1373,1507,2043,375,0.2691151919866444
452,06037192610,192610,0.25206310206464433,35.0,36116.0,4117,787,1472,1358,500,0.24616508400292184
453,06037192620,192620,-0.6391190648059657,34.0,36722.0,3747,870,1121,1514,242,0.2921646746347942
454,06037192700,192700,0.2849901086966195,32.0,47331.0,3717,564,1410,1340,403,0.5725725725725725
455,06037194101,194101,-0.5898309693326369,26.0,83180.0,3343,433,994,1548,368,0.2572070385623362
456,06037194102,194102,-0.6534706134435108,33.0,126799.0,3365,442,678,1529,716,0.6378120021242698
457,06037194200,194200,-0.5692491655198999,31.0,137546.0,3489,644,551,1809,485,0.5978552278820375
458,06037194300,194300,-1.116248635306294,31.0,191563.0,3303,566,454,1854,429,0.401305057096248
459,06037194401,194401,-0.28392265912265885,29.0,84167.0,2490,158,865,1137,330,0.14473089099954772
460,06037194402,194402,-0.6226987593100792,26.0,98333.0,3694,227,1322,1617,528,0.13343065693430656
461,06037194500,194500,-0.08853087859622404,29.0,109167.0,1969,257,523,825,364,0.2694483734087694
462,06037195100,195100,-0.1471675367112929,29.0,124536.0,5013,946,945,2320,802,0.36832611832611833
463,06037195201,195201,-0.19612215873427577,32.0,80833.0,3106,377,1000,1408,321,0.2429600523903078
464,06037195202,195202,-0.7094828349682905,32.0,106316.0,3315,605,725,1641,344,0.35081206496519723
465,06037195300,195300,0.12623315893518589,32.0,68819.0,3222,372,1154,1334,362,0.29179936305732485
466,06037195400,195400,-0.28693915000239223,33.0,89668.0,4474,383,1429,2107,555,0.2116115029842648
467,06037195500,195500,-0.4167372508938693,31.0,89830.0,5600,713,1750,2263,874,0.42152216336771675
468,06037195600,195600,-0.2721256581275832,31.0,70870.0,3178,403,987,1365,423,0.3559795253606329
469,06037195710,195710,0.6278177778502998,32.0,44911.0,4603,980,1562,1653,408,0.2965734541157936
470,06037195720,195720,-0.14560900752120812,37.0,45733.0,2079,271,651,841,316,0.11702127659574468
471,06037195802,195802,-0.18620238146765877,32.0,58981.0,2817,474,917,1057,369,0.5265405735204393
472,06037195803,195803,0.24790449192980457,28.0,68125.0,2724,345,1075,1059,245,0.2913424124513619
473,06037195804,195804,-0.15894072352188285,31.0,67829.0,2600,345,977,946,332,0.44339622641509435
474,06037195901,195901,-0.2280582502211057,30.0,59063.0,2088,187,856,773,272,0.20511508951406648
475,06037195902,195902,-0.12476528051258404,30.0,68036.0,1807,214,670,774,149,0.33696275071633236
476,06037195903,195903,0.12594411568020142,31.0,52833.0,2165,300,787,891,187,0.34910878918254457
477,06037197200,197200,-0.5959199707476461,33.0,54417.0,3831,692,965,1507,667,0.7942363112391931
478,06037197300,197300,-0.564524634886203,29.0,81778.0,4080,365,1678,1600,437,0.23396934626212074
479,06037197410,197410,-0.5263574119470822,31.0,102631.0,4552,767,1254,2006,525,0.6419417475728155
480,06037197420,197420,-0.25578261607900915,31.0,60648.0,3580,462,1353,1410,355,0.3613707165109034
481,06037197500,197500,0.13947006378929172,29.0,64109.0,3738,582,1290,1359,507,0.23608017817371937
482,06037197600,197600,-0.00462662236285373,25.0,65865.0,2194,258,820,923,193,0.2655401327700664
483,06037197700,197700,0.09271635461895875,31.0,44719.0,5146,816,1777,1832,721,0.29000812347684807
484,06037199000,199000,-0.5825747011976742,31.0,54572.0,5479,1279,1416,2232,552,0.379978471474704
485,06037199110,199110,0.07989705354835686,34.0,60430.0,2643,571,589,1113,370,0.8543307086614174
486,06037199120,199120,1.0489043863748462,36.0,35776.0,4377,1141,1121,1456,659,0.4891796678409663
487,06037199201,199201,0.8310354723639585,33.0,34211.0,3650,1000,1083,1190,377,0.20536585365853657
488,06037199202,199202,-0.10777155899278282,31.0,56875.0,2993,661,838,1085,409,0.6601208459214502
489,06037199300,199300,0.18588125229668018,35.0,65417.0,3665,618,843,1663,541,0.6110520722635494
490,06037199400,199400,0.6246622516626126,30.0,47031.0,4396,862,1298,1783,453,0.48149861239592967
491,06037199700,199700,-0.19398063531186244,28.0,36442.0,3119,622,917,1175,405,0.45801133436373004
492,06037199800,199800,0.3289940447232502,33.0,35977.0,5428,1324,1288,1990,826,0.5084049308927905
493,06037199900,199900,0.41878474971285623,32.0,36403.0,2799,671,759,975,394,0.5045359385903698
494,06037201110,201110,-0.6633828684506018,30.0,56500.0,2214,450,521,924,319,0.8900883218842002
495,06037201120,201120,0.4927699776275892,34.0,50060.0,4035,1095,1184,1288,468,0.6139211136890951
496,06037201200,201200,-0.014522807384655667,33.0,44340.0,2720,668,605,1101,346,0.8451063829787234
497,06037201301,201301,0.24706575237767464,36.0,46250.0,4069,1049,951,1565,504,0.560814859197124
498,06037201302,201302,-0.08739766926084797,30.0,80000.0,4287,575,1085,1953,674,0.30822444273635663
499,06037201401,201401,0.09657358685777695,30.0,43681.0,4814,1163,1477,1608,566,0.6020942408376964
500,06037201402,201402,-0.025115208072244183,33.0,56698.0,5149,1090,1209,1759,1091,1.2251867662753468
501,06037201501,201501,0.3997503058991428,31.0,54000.0,5356,1115,1614,1921,706,0.569672131147541
502,06037201503,201503,0.8101151398322114,35.0,40231.0,3446,985,935,1126,400,0.3471654003506721
503,06037201504,201504,-0.4143436361732213,28.0,51927.0,2243,499,746,716,282,0.7882096069868996
504,06037201601,201601,0.28521326875270014,35.0,60870.0,2282,489,631,807,355,0.6231263383297645
505,06037201602,201602,0.2799842115949189,33.0,59853.0,2780,551,717,1128,384,1.082191780821918
506,06037201700,201700,0.830110501566288,31.0,58717.0,5737,830,2776,1538,593,0.8393756294058409
507,06037203100,203100,1.0955752409960215,37.0,29299.0,4426,1306,1175,1555,390,0.47824175824175824
508,06037203200,203200,0.08511919916911864,32.0,46699.0,5168,1463,1413,1816,476,0.48799630655586335
509,06037203300,203300,1.2862351966505492,29.0,34632.0,1982,829,583,384,186,0.2513020833333333
510,06037203500,203500,0.2546500640829823,30.0,37708.0,2984,720,959,937,368,0.42823250296559906
511,06037203600,203600,-0.13842015121608392,32.0,50612.0,5238,1330,1521,1988,399,0.5128424657534246
512,06037203710,203710,0.3018805983152373,37.0,40640.0,3161,936,815,1122,288,0.5664335664335665
513,06037203720,203720,0.632848663755065,33.0,35106.0,4237,1204,1019,1681,333,0.20519618239660659
514,06037203800,203800,0.19610174889145937,33.0,43234.0,4941,1349,1545,1469,578,0.6799771819737592
515,06037203900,203900,0.22386748389960637,25.0,49712.0,3179,819,845,1151,364,0.8204683434518647
516,06037204110,204110,-0.13408710091389558,32.0,46875.0,3299,806,875,1262,356,0.7570093457943925
517,06037204120,204120,0.5916226995359954,29.0,46964.0,2960,770,677,1168,345,0.5426160337552742
518,06037204200,204200,0.3632982935281418,33.0,32378.0,3680,1138,1000,1286,256,0.43262806236080176
519,06037204300,204300,0.6686755491651992,33.0,37174.0,4986,1392,1374,1577,643,0.2391500904159132
520,06037204410,204410,0.37423986284996313,31.0,41932.0,2309,758,546,799,206,0.3753191489361702
521,06037204420,204420,0.606615481123347,33.0,27865.0,3094,846,794,1286,168,0.18409343715239154
522,06037204600,204600,0.38397717968544787,33.0,31042.0,4121,1045,1231,1403,442,0.4855518711511132
523,06037204700,204700,0.04401308561076539,29.0,55766.0,5676,1515,1560,2097,504,0.7801157285639138
524,06037204810,204810,-0.013990770459095081,28.0,44864.0,5462,1277,1524,2166,495,0.5093320235756386
525,06037204820,204820,-0.5587977658039995,28.0,39907.0,2146,524,549,793,280,0.8947368421052632
526,06037204910,204910,0.11336121133423688,28.0,37143.0,3263,813,856,1230,364,0.4119922630560928
527,06037204920,204920,0.2616813009576675,28.0,40273.0,2639,744,489,1047,359,0.5731225296442688
528,06037205110,205110,0.3950761487013846,31.0,44468.0,3861,1257,1150,1315,139,0.35224586288416077
529,06037205120,205120,0.7634980797067559,28.0,29505.0,3521,1075,841,1309,296,0.3394039735099338
530,06037206010,206010,1.0329501129377359,32.0,38734.0,3943,846,911,1521,665,0.555210643015521
531,06037206020,206020,-0.701564535369358,38.0,89333.0,8666,33,5037,3517,79,0.125
532,06037206031,206031,-0.981326993768626,29.0,90590.0,3788,227,1892,1480,189,0.1698677974557246
533,06037206032,206032,0.3275162505153761,33.0,35706.0,5185,1141,1544,1570,930,0.19892302819132088
534,06037206050,206050,1.0079209799771167,31.0,23007.0,2010,339,480,608,583,0.14108910891089108
535,06037206200,206200,1.1487947621824148,30.0,21250.0,3971,224,1141,1611,995,0.01839926402943882
536,06037206300,206300,2.12951909930367,39.0,10294.0,5702,95,622,4312,673,0.045126725736657734
537,06037207101,207101,0.5202320312059637,30.0,38843.0,4068,682,1483,1244,659,0.1319897814362759
538,06037207102,207102,0.1986387286575759,29.0,26327.0,2866,346,849,872,799,0.07740324594257178
539,06037207103,207103,0.8763959786034609,26.0,27292.0,2324,380,509,922,513,0.14941892639734367
540,06037207301,207301,0.014320111445817265,33.0,52581.0,4806,209,1556,2322,719,0.027066356228172293
541,06037207302,207302,0.11538068078119987,30.0,39809.0,4556,98,2059,2127,272,0.12234910277324633
542,06037207400,207400,-0.4345466349273646,20.0,,1384,29,754,536,65,0.17391304347826086
543,06037207501,207501,-0.3866370717616022,29.0,64206.0,2252,130,968,874,280,0.183187946074544
544,06037207502,207502,0.11408175535929194,19.0,19380.0,2851,40,680,666,1465,0.035208047553726564
545,06037207710,207710,-0.14820465914804787,29.0,90667.0,4350,270,2043,1516,521,0.05047549378200439
546,06037207900,207900,-0.27372952991312816,29.0,88800.0,6133,515,3220,2063,335,0.09440389294403893
547,06037208000,208000,0.7687221424199748,28.0,34914.0,7646,1752,3034,2466,394,0.3129089827483641
548,06037208301,208301,0.056080230379851465,35.0,45000.0,2217,628,751,787,51,0.13979496738117428
549,06037208302,208302,0.9339604253232514,34.0,32153.0,4741,1089,1579,1595,478,0.3012863913337847
550,06037208401,208401,0.09009110749162971,37.0,28720.0,4479,950,1436,1381,712,0.11534464842396952
551,06037208402,208402,-0.1736964368996256,32.0,41974.0,2826,609,891,1080,246,0.392904073587385
552,06037208501,208501,-0.40192783860521286,35.0,56838.0,2388,424,573,1052,339,0.2343042071197411
553,06037208502,208502,0.24064326604065114,37.0,37149.0,3933,1015,980,1573,365,0.2184408389394539
554,06037208610,208610,0.6884989690664769,36.0,46797.0,4441,675,1397,1874,495,0.3613652357494722
555,06037208620,208620,0.3780579355531459,32.0,39865.0,4319,797,1305,1642,575,0.17814652473387602
556,06037208710,208710,-0.17502265156249158,30.0,59429.0,4622,809,971,2302,540,0.0675310642895732
557,06037208720,208720,1.1794648973241038,45.0,26463.0,4338,1123,1230,1744,241,0.08854667949951876
558,06037208801,208801,0.14124381563409633,36.0,32567.0,2942,488,890,1015,549,0.0531829170024174
559,06037208802,208802,0.424446246219514,39.0,32784.0,3533,758,1095,1257,423,0.1364106097140889
560,06037208902,208902,0.28545601277030896,37.0,34911.0,2823,695,931,1091,106,0.02556818181818182
561,06037208903,208903,0.6210386322887474,38.0,28299.0,4212,946,1521,1400,345,0.26251097453906935
562,06037208904,208904,0.7227768583001404,34.0,26588.0,4114,1021,1148,1436,509,0.08692247454972592
563,06037209102,209102,0.6851070268005417,40.0,26559.0,5734,1347,2098,1813,476,0.017578125
564,06037209103,209103,1.459917211680513,34.0,26026.0,3708,1147,1038,1352,171,0.12623645784267545
565,06037209104,209104,0.8458924412836465,41.0,24455.0,2630,798,779,902,151,0.018633540372670808
566,06037209200,209200,-0.2324549782810459,24.0,46393.0,4356,749,1909,1430,268,0.1517519536173431
567,06037209300,209300,0.4422834932032243,32.0,27972.0,4684,1056,1658,1652,318,0.07496095783446122
568,06037209401,209401,1.1044180159267019,34.0,24854.0,4428,1263,1020,1641,504,0.10088437602358336
569,06037209402,209402,0.8622841584213006,43.0,31037.0,3945,980,1515,1252,198,0.0
570,06037209403,209403,0.8565930185915815,38.0,22922.0,3844,806,1021,1361,656,0.05305821665438467
571,06037209510,209510,0.28430693554751796,35.0,27740.0,3004,748,930,970,356,0.09054726368159204
572,06037209520,209520,0.6291638485078217,33.0,30760.0,2821,795,828,977,221,0.08108108108108109
573,06037209810,209810,0.6622450598830014,36.0,27399.0,2668,555,659,885,569,0.09014675052410902
574,06037209820,209820,1.2416805661456205,41.0,26392.0,3262,1163,780,1133,186,0.2642719692110327
575,06037210010,210010,0.37519611926081137,35.0,28359.0,3712,814,1006,1397,495,0.18058499364137345
576,06037211000,211000,-0.6475500917375545,26.0,133485.0,5055,1141,1234,2008,672,0.5319405383688228
577,06037211120,211120,0.522117136773589,32.0,46231.0,5738,783,1975,2457,523,0.15511064278187567
578,06037211121,211121,-0.4864093847343046,29.0,53750.0,2186,387,780,798,221,0.17310087173100872
579,06037211122,211122,-0.2731911718635503,34.0,47278.0,3224,562,1177,1188,297,0.12295081967213115
580,06037211201,211201,0.11246639846300788,32.0,42383.0,2547,419,1067,882,179,0.10844817255841821
581,06037211202,211202,-0.13691417184680404,32.0,40378.0,2450,454,796,915,285,0.11251435132032148
582,06037211310,211310,-0.3574674347829996,37.0,40605.0,3946,967,1214,1460,305,0.07057313943541488
583,06037211320,211320,0.6152012291592011,38.0,30370.0,3195,771,989,1196,239,0.11069651741293532
584,06037211410,211410,-0.04259672309095597,27.0,39605.0,2805,484,755,1274,292,0.17696754112939084
585,06037211420,211420,-0.37774256643432397,34.0,43472.0,3452,639,1039,1489,285,0.2621035058430718
586,06037211500,211500,-0.4419436674985058,30.0,58309.0,4049,779,697,1968,605,0.255466472303207
587,06037211701,211701,-0.1978666954225597,29.0,61897.0,2744,634,489,1234,387,0.21389028686462003
588,06037211703,211703,-0.32880352693372944,31.0,50498.0,4490,601,1576,1852,461,0.13927932532583695
589,06037211704,211704,0.34977490264516453,30.0,37172.0,2943,363,1009,1104,467,0.09210084033613446
590,06037211802,211802,-0.7341842278858424,29.0,40625.0,4463,806,1163,2032,462,0.07488653555219364
591,06037211803,211803,-0.5672948494526098,27.0,50115.0,3403,549,1233,1467,154,0.042523033309709427
592,06037211804,211804,-0.2337891837086856,28.0,39469.0,3212,477,691,1530,514,0.19221508828250403
593,06037211910,211910,0.08836246543775236,34.0,45114.0,4403,916,1732,1514,241,0.054249547920433995
594,06037211921,211921,-0.6707031729324712,31.0,33407.0,2519,484,788,1053,194,0.06976744186046512
595,06037211922,211922,-0.29037283652140844,34.0,47778.0,3522,705,1466,1022,329,0.07099236641221374
596,06037212101,212101,0.05163394366844831,30.0,52652.0,3165,415,1248,1125,377,0.19832605531295489
597,06037212102,212102,-0.33754784091291834,31.0,27333.0,2301,378,782,587,554,0.10735930735930736
598,06037212202,212202,0.6930940885931791,34.0,36236.0,3484,772,1228,1179,305,0.2504145936981758
599,06037212203,212203,0.9742146375001451,38.0,22938.0,2978,522,892,1070,494,0.0
600,06037212204,212204,0.30393701743439777,38.0,28708.0,3383,914,847,1283,339,0.03299798792756539
601,06037212303,212303,0.12232570148145477,36.0,34400.0,3966,780,1519,1439,228,0.05533596837944664
602,06037212304,212304,1.076102154639739,36.0,29479.0,1817,382,710,565,160,0.0
603,06037212305,212305,0.8039054878318168,38.0,36250.0,3126,862,899,1200,165,0.09711538461538462
604,06037212306,212306,-0.298374591232863,34.0,41162.0,3366,680,765,1557,364,0.12705272255834055
605,06037212410,212410,-0.0030930399320970303,35.0,43278.0,4378,665,1632,1783,298,0.06876285630326183
606,06037212420,212420,0.06931423894740707,34.0,35031.0,3539,811,1167,1238,323,0.07505330490405117
607,06037212501,212501,0.13729725701145754,33.0,38538.0,1912,250,721,753,188,0.009635974304068522
608,06037212502,212502,-0.020871634340894535,27.0,46910.0,2589,291,1001,971,326,0.14163090128755365
609,06037212610,212610,-0.10459893829266548,30.0,39920.0,3896,495,1083,1649,669,0.19956750077232005
610,06037212620,212620,0.2716840099597109,36.0,39375.0,4230,815,1106,1842,467,0.1930173147885325
611,06037212701,212701,0.5596298398572984,28.0,43750.0,2389,422,568,911,488,0.6725460122699386
612,06037212702,212702,-0.4002088689490948,30.0,72273.0,3684,536,715,1791,642,0.7166894042746703
613,06037212800,212800,-0.05078899743665882,34.0,48125.0,3778,707,884,1572,615,0.4974726200505476
614,06037212900,212900,-0.2482712111362623,33.0,43266.0,4340,900,1248,1712,480,0.3238359972202919
615,06037213100,213100,-0.05562903963031305,30.0,41719.0,3000,635,631,1324,410,0.4146031746031746
616,06037213201,213201,0.6559074466864477,34.0,30335.0,4330,1224,810,1726,570,0.1654551748009692
617,06037213202,213202,0.5788318045041249,36.0,37656.0,3734,734,1162,1392,446,0.26571668063704945
618,06037213310,213310,-0.010652401874720122,34.0,50337.0,3492,688,959,1487,358,0.6197813121272365
619,06037213320,213320,-0.19733495051557975,35.0,26971.0,2474,395,685,1039,355,0.11022840119165839
620,06037213401,213401,0.4623172717029512,33.0,31536.0,5285,1319,1638,2018,310,0.14361702127659576
621,06037213402,213402,0.3133182049186319,33.0,40578.0,4933,1289,1423,1749,472,0.08636363636363636
622,06037214000,214000,-0.6692863043127948,21.0,107750.0,3971,1320,498,1608,545,0.376063829787234
623,06037214100,214100,-0.7901193944854874,26.0,101727.0,3921,1007,630,1761,523,0.328125
624,06037214400,214400,-0.08634430767932315,31.0,81081.0,2991,256,1449,1155,131,0.1902822228687809
625,06037214501,214501,-0.3664770003273726,29.0,94076.0,2806,537,810,1213,246,0.08533916849015317
626,06037214502,214502,-0.19104774367783686,29.0,64464.0,5375,956,2447,1701,271,0.2985014175779668
627,06037214503,214503,-0.6202674781625575,34.0,74712.0,3413,609,932,1507,365,0.13738226696979539
628,06037214600,214600,-0.10635427998543712,30.0,96875.0,2520,249,832,1016,423,0.15857740585774058
629,06037214700,214700,-0.01077352981940527,27.0,105522.0,2541,322,595,1060,564,0.35721812434141204
630,06037214800,214800,-0.10125568657166206,28.0,106104.0,2966,353,1116,1125,372,0.1970125151392814
631,06037214901,214901,-0.27778602863251034,24.0,72819.0,3418,205,1322,1318,573,0.1139478634775598
632,06037214902,214902,0.03378414942325676,20.0,80033.0,2772,298,1146,849,479,0.1710794297352342
633,06037215101,215101,-0.38913240227592466,30.0,64269.0,2851,212,1524,949,166,0.01673380849085838
634,06037215102,215102,-0.2814549394301741,26.0,65000.0,3025,166,1439,1260,160,0.09123711340206185
635,06037216100,216100,-0.3808343752926657,27.0,100781.0,2261,341,437,1026,457,0.46175839885632597
636,06037216200,216200,-0.4102068085792525,29.0,95707.0,5494,691,1477,2767,559,0.4138225255972696
637,06037216300,216300,-0.8515113276359242,29.0,91328.0,4952,736,1782,1793,641,0.3189907038512616
638,06037216401,216401,-0.24594541068823803,28.0,50208.0,3920,416,1564,1014,926,0.22515101592531575
639,06037216402,216402,-0.6527162058742633,27.0,69063.0,2757,295,746,1060,656,0.20272502064409578
640,06037216700,216700,0.3833969923587831,28.0,69750.0,3882,606,1257,1410,609,0.212485896953742
641,06037216800,216800,-0.46880667994486247,26.0,86895.0,3191,596,732,1395,468,0.30385487528344673
642,06037216900,216900,-0.11160627767733111,27.0,69968.0,5100,560,1059,2764,717,0.1283684468397844
643,06037217001,217001,-0.42276288542379087,24.0,93083.0,2922,1022,575,960,365,0.23521594684385383
644,06037217002,217002,-0.39244482811279957,29.0,76794.0,4709,843,1481,1858,527,0.26907630522088355
645,06037217100,217100,-0.4701992952566507,30.0,64298.0,6326,1075,1685,2904,662,0.23297665369649806
646,06037217200,217200,-0.19142622997880585,31.0,64222.0,3993,737,1093,1739,424,0.349312654212196
647,06037218110,218110,0.4998536100616788,29.0,43073.0,3296,630,979,1239,448,0.4842864502833591
648,06037218120,218120,-0.14396246722594971,32.0,37690.0,4652,973,1335,1877,467,0.511779041429732
649,06037218210,218210,0.15771415962503468,33.0,34485.0,3949,1073,1057,1539,280,0.5301495417269657
650,06037218220,218220,-0.2566100511002566,33.0,47700.0,3929,647,1219,1503,560,0.43705743509047995
651,06037218300,218300,0.4335273987398814,28.0,50994.0,5354,1063,1474,2225,592,0.3358551742772224
652,06037218400,218400,-0.2893442965349718,28.0,58449.0,4978,1378,1405,1872,323,0.5365448504983389
653,06037218500,218500,-0.11249971271379999,33.0,42844.0,2557,465,659,1087,346,0.3896742470805163
654,06037218600,218600,0.13574467593387407,33.0,56167.0,3009,552,834,1297,326,0.4385057471264368
655,06037218701,218701,0.5698559911349496,33.0,55264.0,2448,494,509,1170,275,0.48738284066330206
656,06037218702,218702,0.7037917869674507,37.0,35924.0,2120,460,493,875,292,0.33309908643710473
657,06037218800,218800,-0.19029202152486546,32.0,50921.0,2852,542,852,1089,369,0.7442949093036864
658,06037218900,218900,0.22103720538290184,34.0,37500.0,6033,1347,1894,2358,434,0.40794979079497906
659,06037219010,219010,0.1506206275482237,30.0,55962.0,3003,666,762,1298,277,0.8184591914569032
660,06037219020,219020,0.5129618092622635,33.0,55705.0,4940,1225,1236,1904,575,0.6153169014084507
661,06037219300,219300,0.7954003823641479,36.0,35432.0,4163,1204,1041,1531,387,0.341991341991342
662,06037219500,219500,0.08151478319078942,33.0,63359.0,1777,322,282,735,438,0.5064655172413793
663,06037219700,219700,-0.2060194432532638,35.0,50676.0,4563,1066,1141,1836,520,0.5282277859597447
664,06037219800,219800,0.20142865250198083,34.0,37933.0,2810,616,796,1111,287,0.42664319248826293
665,06037219901,219901,0.4643805314741512,32.0,31577.0,4165,986,1355,1518,306,0.4959443800695249
666,06037219902,219902,-0.2570045879878582,32.0,47875.0,3799,874,1072,1526,327,0.7961269499731038
667,06037220000,220000,-0.40310844879162927,36.0,45476.0,5289,1231,1251,2125,682,0.30707491082045185
668,06037220100,220100,0.014239513739560394,32.0,53727.0,2901,465,732,1174,530,0.5741444866920152
669,06037221110,221110,1.233782662311077,38.0,30779.0,3837,1003,1023,1478,333,0.1592920353982301
670,06037221120,221120,0.717002718791602,37.0,36150.0,3145,767,1082,1030,266,0.43761524277811925
671,06037221210,221210,-0.16633659664224054,36.0,44265.0,3230,696,902,1193,439,0.6078688524590163
672,06037221220,221220,0.09094348244197378,38.0,43000.0,3659,832,1102,1420,305,0.281069743051914
673,06037221302,221302,-0.32660943080400984,41.0,41385.0,5028,1036,1630,2003,359,0.42802596410843835
674,06037221303,221303,0.38441788050547576,36.0,35417.0,2844,621,826,1154,243,0.2851002865329513
675,06037221304,221304,0.7092756820443866,32.0,35149.0,3548,914,842,1416,376,0.2577737719693556
676,06037221401,221401,0.5861250436956105,34.0,24290.0,3618,812,948,1015,843,0.173109243697479
677,06037221402,221402,0.4623222172240999,34.0,32841.0,2740,547,804,897,492,0.36625
678,06037221500,221500,1.5574112307769363,35.0,31774.0,4194,1033,1181,1617,363,0.3612756264236902
679,06037221601,221601,0.4634394488246336,34.0,38558.0,3130,637,856,1265,372,0.51697438951757
680,06037221602,221602,0.715001994713643,33.0,27740.0,2919,817,868,927,307,0.18944980147475893
681,06037221710,221710,0.04814629384901689,33.0,36563.0,2691,339,1042,877,433,0.3362168396770473
682,06037221810,221810,1.2611215345419244,32.0,20685.0,2811,358,1637,584,232,0.5149425287356322
683,06037221820,221820,1.3439380891753765,30.0,13770.0,2316,38,1859,314,105,0.2693347755543537
684,06037221900,221900,2.018635319403714,25.0,12319.0,3802,264,3082,235,221,0.16132723112128147
685,06037222001,222001,-0.07367748135931501,32.0,68125.0,3357,774,857,1379,347,1.0527488855869243
686,06037222002,222002,0.5039763089189021,35.0,46856.0,5066,1321,1356,1842,547,0.8804761904761905
687,06037222100,222100,0.5078286040598067,34.0,46429.0,4226,798,1659,1395,374,0.5584944048830112
688,06037222200,222200,0.5041495637249072,34.0,36852.0,3876,994,927,1633,322,0.528116213683224
689,06037222500,222500,-0.054815622318041914,38.0,42487.0,5444,1493,1585,1893,473,0.7506976744186047
690,06037222600,222600,0.8277833301626387,33.0,26277.0,5456,757,2752,1343,604,0.43127035830618893
691,06037222700,222700,2.1624278371542434,13.0,8264.0,4199,108,4067,24,0,0.20512820512820512
692,06037224010,224010,0.7467539241448273,28.0,22054.0,2672,553,915,894,310,0.0
693,06037224020,224020,0.6104652874295096,34.0,26493.0,2476,565,850,966,95,0.042238648363252376
694,06037224200,224200,0.2277438485468395,35.0,30579.0,2613,627,891,940,155,0.2521306818181818
695,06037224310,224310,0.7037022948614693,35.0,31094.0,2449,888,644,733,184,0.13665086887835703
696,06037224320,224320,0.9608293420521221,35.0,30273.0,3087,801,1071,835,380,0.13405456255879586
697,06037224410,224410,0.12590924795997424,32.0,26742.0,3167,441,1490,805,431,0.6973140495867769
698,06037224420,224420,0.9167668561094913,34.0,23854.0,2676,628,1009,728,311,0.24947145877378435
699,06037224600,224600,0.8695682380112078,32.0,40600.0,3323,886,980,1074,383,0.2954091816367265
700,06037224700,224700,1.7643978665258908,18.0,10802.0,6456,61,6175,205,15,0.28955696202531644
701,06037226001,226001,0.3844037052601529,36.0,40978.0,2531,805,836,745,145,0.5030120481927711
702,06037226002,226002,0.9572963763566555,32.0,27632.0,1754,208,692,774,80,0.06715328467153285
703,06037226410,226410,0.5261731218821781,27.0,36622.0,3501,964,954,1372,211,0.3720787207872079
704,06037226420,226420,0.994081626399656,32.0,31615.0,5345,1444,1540,1988,373,0.4049159120310479
705,06037226700,226700,0.6597736335625971,29.0,38353.0,7640,2408,2496,2513,223,0.4582857142857143
706,06037227010,227010,0.9812115587675656,31.0,42269.0,5552,1970,1269,2000,313,0.6780170255383074
707,06037227020,227020,0.36907714786498047,34.0,45129.0,3647,1003,1050,1364,230,0.5527272727272727
708,06037228100,228100,-0.24181754987461151,29.0,46278.0,5476,1776,1620,1713,367,0.7710982658959538
709,06037228210,228210,0.8791034225011145,34.0,34386.0,4160,1295,1008,1441,416,0.44211123723041995
710,06037228220,228220,0.8792891669239398,29.0,39628.0,4312,1447,1272,1387,206,0.4244604316546763
711,06037228310,228310,0.34816405900855346,33.0,42183.0,4518,1395,1326,1567,230,0.5008
712,06037228320,228320,0.516907797511214,35.0,30714.0,3081,1038,942,924,177,0.3205233033524121
713,06037228410,228410,0.5918194566822061,37.0,41375.0,3469,989,1027,1272,181,0.5223759153783564
714,06037228420,228420,0.8764203333286618,38.0,35027.0,3160,1074,851,1070,165,0.4551282051282051
715,06037228500,228500,0.8367624405827947,29.0,33259.0,5109,1539,1519,1760,291,0.5894268774703557
716,06037228600,228600,1.1038008590605342,36.0,42308.0,5125,1673,1559,1688,205,0.7259490379615184
717,06037228710,228710,0.7816304248394176,34.0,30737.0,3944,1323,1019,1276,326,0.3884393063583815
718,06037228720,228720,1.2686059430537147,37.0,36587.0,4835,1666,1256,1601,312,0.5796178343949044
719,06037228800,228800,1.0718884003696247,32.0,38969.0,5901,2188,1575,1801,337,0.6611216730038023
720,06037228900,228900,2.605475046218533,34.0,19087.0,2650,834,748,892,176,0.351937984496124
721,06037229100,229100,0.21568404051820061,33.0,44869.0,5232,1641,1629,1731,231,0.7767857142857143
722,06037229200,229200,-0.26447803592783664,34.0,37321.0,4648,1241,1360,1733,314,0.6308887809616318
723,06037229300,229300,1.170399456594605,39.0,31720.0,5753,2036,1476,2029,212,0.336298178737823
724,06037229410,229410,1.1058401491529088,32.0,30227.0,3571,1325,923,1113,210,0.3531073446327684
725,06037229420,229420,0.4575165661923248,31.0,36875.0,4942,1829,1314,1600,199,0.6734578381437465
726,06037231100,231100,1.4340342123509942,34.0,29226.0,3339,763,875,1328,373,0.40608365019011405
727,06037231210,231210,1.322419207251914,40.0,27608.0,3516,946,1144,1097,329,0.3450346420323326
728,06037231220,231220,0.994774631950727,42.0,28113.0,4671,1436,1254,1565,416,0.2054794520547945
729,06037231300,231300,0.7626083555770995,36.0,46767.0,5444,1011,1574,2375,484,0.5108502312344362
730,06037231400,231400,0.21900982851686787,39.0,38420.0,4656,1080,1269,1852,455,0.7112387202625102
731,06037231500,231500,0.12051802386529059,37.0,46472.0,5095,1229,1325,1866,675,0.7198697068403909
732,06037231600,231600,0.6680285693267158,36.0,41416.0,7278,1886,1905,2642,845,0.5330850759094815
733,06037231710,231710,1.3620747971360503,43.0,31099.0,3955,1134,1170,1353,298,0.13243243243243244
734,06037231720,231720,0.8638094461024779,38.0,34436.0,4937,1220,1437,1789,491,0.29852320675105487
735,06037231800,231800,0.8464671126659312,30.0,33602.0,5080,1734,1278,1822,246,0.2562814070351759
736,06037231900,231900,0.716671671787558,34.0,29982.0,5576,1749,1498,1956,373,0.24507912003087612
737,06037232110,232110,0.786214254615434,37.0,32266.0,2890,791,798,1094,207,0.3363994743758213
738,06037232120,232120,0.9563511811141563,36.0,36858.0,5987,2043,1581,1982,381,0.5211546065638593
739,06037232200,232200,0.688376029303819,38.0,34273.0,3255,730,854,1396,275,0.2727272727272727
740,06037232300,232300,0.6567570684476398,43.0,46654.0,5616,1204,2143,1755,514,0.9482653682288497
741,06037232400,232400,-0.2583019899427135,37.0,45132.0,7322,1727,1908,2941,746,0.7941076870978666
742,06037232500,232500,0.9113182156680658,37.0,41991.0,4700,1165,1157,1691,687,0.37747747747747745
743,06037232600,232600,0.7012206193694746,36.0,35645.0,6339,1801,1740,2255,543,0.6910093007233896
744,06037232700,232700,0.9644086973423623,35.0,37067.0,6588,1926,1816,2340,506,0.8459743290548425
745,06037232800,232800,0.3646727268789161,35.0,33413.0,4086,1399,1138,1320,229,0.6468424279583078
746,06037234000,234000,-0.0034374089356457582,34.0,56708.0,5156,1040,944,2213,959,0.6428571428571429
747,06037234200,234200,0.14628416404197478,35.0,64476.0,2361,356,246,1189,570,0.3948412698412698
748,06037234300,234300,0.9965780845980272,37.0,43904.0,3940,468,835,2006,631,0.1390562248995984
749,06037234501,234501,0.7081403011650588,33.0,43750.0,2744,523,657,1038,526,0.7504038772213247
750,06037234502,234502,0.8085980833475302,31.0,24614.0,2945,554,763,1109,519,0.25901009130225855
751,06037234600,234600,0.8969892436577267,39.0,53542.0,4622,998,988,1911,725,0.4041796353935082
752,06037234700,234700,0.1102053860053116,44.0,38776.0,3482,717,675,1592,498,0.4091304347826087
753,06037234800,234800,0.5055261801417656,35.0,57646.0,3476,541,1095,1338,502,0.7717391304347826
754,06037234901,234901,1.8709018062514722,35.0,16856.0,2967,1075,728,967,197,0.26033834586466165
755,06037234902,234902,1.4912654607677909,40.0,23321.0,3924,920,972,1455,577,0.1534154535274356
756,06037235100,235100,0.2892247382800046,30.0,80398.0,4487,724,877,2102,784,0.6812977099236641
757,06037235201,235201,0.560357907181187,34.0,40000.0,2676,455,726,1097,398,0.7675635276532138
758,06037235202,235202,0.7722488524632114,37.0,31403.0,4529,763,1001,2057,708,0.3068636503539551
759,06037236000,236000,0.24443128329723862,29.0,73125.0,4373,519,644,2292,918,0.30740463724756917
760,06037236100,236100,1.7215312352583463,38.0,22463.0,5808,1119,1741,2063,885,0.15915805022156573
761,06037236202,236202,1.5348865008565342,33.0,29436.0,5782,1343,1553,2534,352,0.030108390204737052
762,06037236203,236203,0.81113727155887,36.0,26681.0,3181,719,825,1288,349,0.17759562841530055
763,06037236204,236204,1.8623108519676685,32.0,24828.0,2966,692,845,1266,163,0.028739867354458364
764,06037236400,236400,0.13437247510756772,33.0,64636.0,4462,658,969,1938,897,0.560471037555697
765,06037237101,237101,0.9928790082994996,34.0,30938.0,4131,1296,1151,1387,297,0.4364384971693258
766,06037237102,237102,0.34733251560259343,36.0,35123.0,3357,1008,810,1252,287,0.44352791878172587
767,06037237201,237201,0.29304946835838763,38.0,45147.0,3582,864,1098,1300,320,0.7447916666666666
768,06037237202,237202,1.249323855718061,35.0,35733.0,4593,1257,1132,1866,338,0.44137596899224807
769,06037237300,237300,1.013050641171177,35.0,34784.0,5387,1006,1348,2362,671,0.5463777928232905
770,06037237401,237401,1.0043187891303489,34.0,38625.0,4086,1084,1051,1609,342,0.8523206751054853
771,06037237402,237402,-0.20091202793968418,32.0,39306.0,3234,626,858,1252,498,0.7392592592592593
772,06037237500,237500,0.6014524526812279,38.0,33040.0,2990,901,731,1117,241,0.202275600505689
773,06037237600,237600,0.8181249487343566,35.0,32438.0,3902,1133,995,1358,416,0.6164648910411622
774,06037237710,237710,0.608894653862954,37.0,35262.0,4248,1262,1373,1473,140,0.544044044044044
775,06037237720,237720,1.9352436365654975,36.0,32077.0,3753,1373,1087,1122,171,0.37714987714987713
776,06037237800,237800,0.29172833241220814,33.0,46042.0,3664,660,939,1585,480,0.6291425565491846
777,06037237900,237900,0.9422462053344496,38.0,57298.0,4517,1112,1135,1680,590,0.7440966501922021
778,06037238000,238000,0.7502906077888064,37.0,63970.0,5886,748,1183,2998,957,0.38657044242234073
779,06037238100,238100,0.667965160519369,36.0,45900.0,4259,786,1088,1615,770,0.4145315487571702
780,06037238200,238200,-0.14968443795474085,31.0,42344.0,4994,777,1118,2042,1057,0.28024502297090353
781,06037238310,238310,1.4321148017912348,32.0,22367.0,5018,1524,1470,1718,306,0.31988472622478387
782,06037238320,238320,0.5329661976270436,36.0,33375.0,4090,1577,983,1278,252,0.39648622981956316
783,06037238400,238400,0.7282654117542983,30.0,51420.0,4801,1078,893,1748,1082,0.5211102423768569
784,06037239201,239201,1.3324468560086433,31.0,37000.0,3913,1193,1119,1404,197,0.49589201877934275
785,06037239202,239202,1.0300793423881718,38.0,35871.0,5682,1798,1615,2052,217,0.720550739418664
786,06037239310,239310,0.4076240847330872,32.0,39479.0,4026,1257,1130,1452,187,0.767962308598351
787,06037239320,239320,0.6749221599999689,34.0,42203.0,4179,1413,1299,1268,199,0.6994219653179191
788,06037239330,239330,0.2803760492765938,34.0,34741.0,2689,812,698,1031,148,0.7097625329815304
789,06037239501,239501,0.535494991702243,34.0,40388.0,3622,1046,944,1340,292,0.6222677595628415
790,06037239502,239502,1.1384819496169105,39.0,34605.0,3726,1144,1016,1334,232,0.6239837398373984
791,06037239601,239601,0.19766104164151996,36.0,36029.0,3629,1142,1028,1247,212,0.77561282212445
792,06037239602,239602,1.2181789552301154,38.0,36425.0,3805,1327,1064,1314,100,0.44675150703281985
793,06037239701,239701,1.0935293915219448,38.0,33414.0,5015,1788,1200,1770,257,0.5734375
794,06037239702,239702,0.5683836310940306,32.0,32037.0,4096,1145,1126,1590,235,0.6763597199784599
795,06037239801,239801,1.3597269674588766,33.0,42963.0,3586,1215,1036,1159,176,0.517217146872804
796,06037239802,239802,1.204928380072955,33.0,38513.0,5623,1859,1436,2020,308,0.5935511243105642
797,06037240010,240010,1.7531328944447835,35.0,30710.0,3697,1154,1099,1233,211,0.46293152235427276
798,06037240020,240020,1.1128412819172055,36.0,39839.0,5232,1668,1355,1883,326,0.5284595300261097
799,06037240200,240200,1.6340160399250094,31.0,32661.0,5311,1662,1375,1930,344,0.5736
800,06037240300,240300,1.1281036264025355,34.0,24368.0,5803,2103,1534,1798,368,0.35331335331335334
801,06037240401,240401,0.7440169089397686,35.0,37115.0,6184,2022,1756,2045,361,0.5566000783392088
802,06037240402,240402,1.0228959426517594,38.0,37938.0,4107,1424,1049,1295,339,0.42038946162657503
803,06037240500,240500,1.265894257131595,40.0,36090.0,7466,2436,2011,2563,456,0.8257525083612041
804,06037240600,240600,1.7579712767924827,39.0,37759.0,6325,2182,1869,1819,455,0.5345303867403315
805,06037240700,240700,0.10306514290951599,34.0,43796.0,6367,1868,1670,2316,513,0.8574234092694423
806,06037240800,240800,0.7070118971219445,37.0,36923.0,4296,1173,1252,1532,339,0.5202780996523755
807,06037240900,240900,0.8544893542068606,38.0,38173.0,6355,2323,1460,2123,449,0.6479250334672021
808,06037241001,241001,0.6826971660949223,27.0,39509.0,4429,1259,1336,1504,330,0.686692869174621
809,06037241002,241002,0.47796403350278577,32.0,58029.0,4065,1454,1014,1268,329,0.8290544771446462
810,06037241110,241110,0.3713312647493601,33.0,43182.0,3269,964,1097,967,241,0.9306625577812019
811,06037241120,241120,1.9693659053863994,35.0,30688.0,5137,1542,1639,1655,301,0.34554500226142015
812,06037241201,241201,0.7009418560069464,37.0,39063.0,2937,679,587,1339,332,0.5751211631663974
813,06037241202,241202,1.138312831105859,37.0,40596.0,5436,1697,1321,1899,519,0.6640816326530612
814,06037241300,241300,0.06809544653795668,39.0,44583.0,2453,613,752,798,290,0.5514705882352942
815,06037241400,241400,1.203365320568749,29.0,32460.0,3644,1065,1102,1262,215,0.6592071611253197
816,06037242000,242000,1.6515970145329932,31.0,32841.0,4054,1365,945,1502,242,0.7933836331979106
817,06037242100,242100,3.6109817687151087,37.0,14650.0,2778,1287,702,678,111,0.07157464212678936
818,06037242200,242200,1.3418532195315245,35.0,25833.0,6183,2127,1759,1901,396,0.4718660968660969
819,06037242300,242300,1.1161003204164266,37.0,26480.0,5103,1954,1222,1659,268,0.3229216722729457
820,06037242600,242600,4.060702976250717,34.0,16810.0,4745,1867,1372,1303,203,0.3411102172164119
821,06037242700,242700,0.6610790835444476,32.0,42978.0,5945,1932,1559,2159,295,1.1699346405228759
822,06037243000,243000,0.9458271390816533,36.0,50619.0,7379,2402,2282,2232,463,1.152478448275862
823,06037243100,243100,2.166374527263858,38.0,24833.0,6490,2690,1559,1782,459,0.502548020384163
824,06037261101,261101,-1.0000080034859538,31.0,238125.0,3555,765,441,1686,663,0.8390572390572391
825,06037261102,261102,-1.1163441378275643,27.0,154063.0,3695,637,489,1434,1135,1.2804878048780488
826,06037261200,261200,-1.0945550556342953,31.0,191250.0,4341,850,606,1842,1043,0.7618567103935419
827,06037262100,262100,-1.235422954274416,25.0,176875.0,2844,470,278,1147,949,1.220125786163522
828,06037262200,262200,-1.096943512498406,29.0,210417.0,4779,1061,740,1905,1073,0.9009259259259259
829,06037262301,262301,-1.1011137208539474,24.0,248269.0,2749,482,728,770,769,0.6604395604395604
830,06037262302,262302,-1.1057162867678123,25.0,168125.0,2976,816,256,1311,593,0.7268188302425107
831,06037262303,262303,-1.2595621264622718,27.0,250001.0,3188,764,203,1351,870,1.3061224489795917
832,06037262400,262400,-1.385368358628588,29.0,250001.0,3076,789,337,1192,758,1.2751235584843492
833,06037262501,262501,-0.7438981500845788,26.0,164886.0,3925,1170,410,1578,767,0.8660229330114665
834,06037262601,262601,-1.3582252101099428,32.0,209625.0,3429,745,310,1551,823,0.8657718120805369
835,06037262604,262604,-1.1043001308497087,28.0,204447.0,6195,1596,178,2674,1747,0.5215215215215215
836,06037262704,262704,-0.5136839553184707,31.0,113672.0,3539,657,690,1536,656,0.46063877642825013
837,06037262706,262706,-1.2218190952770414,28.0,211310.0,3751,1001,346,1664,740,0.8231003039513678
838,06037262802,262802,-1.2361435109099068,28.0,225750.0,3291,919,228,1304,840,1.036096256684492
839,06037264000,264000,-1.1273078751613075,26.0,220473.0,3137,685,311,1298,843,0.7897918065815984
840,06037264102,264102,-0.5723536654461863,27.0,105133.0,2826,219,962,1124,521,0.22865518504946866
841,06037264103,264103,0.3960667299693653,26.0,100160.0,2708,284,926,1087,411,0.020579268292682928
842,06037264301,264301,0.15295224609700517,24.0,92303.0,5575,515,2558,1870,632,0.11684924360980699
843,06037264302,264302,-0.4950015273160157,26.0,95222.0,6078,885,1797,2261,1135,0.2734358974358974
844,06037265100,265100,-0.6784099927912043,24.0,107969.0,2528,338,211,740,1239,0.27011788826242955
845,06037265201,265201,-0.4629619760024002,21.0,87344.0,2623,268,1344,610,401,0.4447257383966245
846,06037265202,265202,-0.1256748158604431,22.0,64083.0,3792,359,1557,1008,868,0.09127979924717691
847,06037265301,265301,1.0830487881697815,15.0,,11235,407,10819,9,0,
848,06037265303,265303,1.3896333273409658,23.0,17338.0,4889,92,4558,239,0,0.23469387755102042
849,06037265304,265304,1.1607554529158084,19.0,20750.0,2865,85,2481,226,73,0.2772963604852686
850,06037265305,265305,0.6811714754427769,19.0,18668.0,3788,100,3183,493,12,0.13001215066828675
851,06037265410,265410,-0.15421433470778279,26.0,116625.0,1533,412,268,600,253,0.37640449438202245
852,06037265420,265420,-1.3467924504467652,26.0,208194.0,1908,423,302,777,406,0.44664031620553357
853,06037265510,265510,0.6326361209778638,22.0,52917.0,4786,396,2971,960,459,0.05183431952662722
854,06037265520,265520,-0.22163646262284856,26.0,102708.0,4894,732,1578,1846,738,0.24361646690984887
855,06037265601,265601,-0.6585910614902073,26.0,113750.0,3493,623,1135,1204,531,0.27825303917154437
856,06037265602,265602,-0.3599514208947919,25.0,122426.0,2874,352,762,943,817,0.3026513256628314
857,06037265700,265700,-0.26937068164519773,24.0,80685.0,4866,744,855,1950,1317,0.16342308717675286
858,06037267100,267100,-0.5326209291686562,24.0,90818.0,7123,1454,1934,2585,1150,0.2605745306491744
859,06037267200,267200,-0.7945437678027967,23.0,98728.0,6365,654,2432,2434,845,0.24066652604935668
860,06037267300,267300,-0.22079293425160784,23.0,69337.0,4788,368,2146,1763,511,0.23579614728115095
861,06037267402,267402,-0.3140227207322877,26.0,74748.0,4941,362,2502,1651,426,0.27626774847870184
862,06037267403,267403,-0.22409520467159658,24.0,77625.0,3117,132,1825,871,289,0.14037306354726525
863,06037267404,267404,0.20519231067601765,22.0,80549.0,3340,336,1376,1242,386,0.2751358695652174
864,06037267501,267501,-0.55255030903643,23.0,79531.0,6489,876,3225,1890,498,0.15417428397318708
865,06037267502,267502,-0.08229922948275074,24.0,83342.0,3601,525,1653,1121,302,0.21480709071949947
866,06037267600,267600,-0.35979545449489175,25.0,76250.0,2929,413,767,1285,464,0.5138416707139388
867,06037267700,267700,-0.838672995012562,24.0,87392.0,3269,242,1221,1414,392,0.24236918604651161
868,06037267800,267800,-0.566254402577675,22.0,73049.0,2680,568,390,1221,501,0.17993920972644378
869,06037267901,267901,-0.7504032360355287,23.0,129306.0,2314,202,223,810,1079,0.10568603213844252
870,06037267902,267902,-0.5163130050674621,23.0,125813.0,3568,729,843,1343,653,0.2410394265232975
871,06037269000,269000,-0.8217949389240529,23.0,124301.0,5019,871,1056,2071,1021,0.45617529880478086
872,06037269100,269100,-0.4316508638688872,22.0,86039.0,4067,892,991,1462,722,0.17014547754585704
873,06037269300,269300,-1.0240664373566277,24.0,162438.0,4075,1168,607,1592,708,0.44627659574468087
874,06037269500,269500,-1.0836475794987241,24.0,168224.0,3929,1203,431,1651,644,0.6488651535380507
875,06037269601,269601,-0.127211659796109,30.0,48908.0,3406,684,1177,1267,278,0.428
876,06037269602,269602,-0.075970614928425,27.0,57538.0,2847,435,1088,1078,246,0.25811001410437234
877,06037269700,269700,0.034247710501519674,27.0,93155.0,3616,531,1241,1447,397,0.3530332681017613
878,06037269800,269800,-0.1828229929616119,28.0,77778.0,3123,333,1305,1306,179,0.15170278637770898
879,06037269903,269903,0.024179790020893432,27.0,59757.0,3596,358,1743,1281,214,0.2174977057204038
880,06037269904,269904,-0.3164474276725151,24.0,68865.0,4039,479,1647,1669,244,0.02044989775051125
881,06037269905,269905,-0.18863851735809706,27.0,64159.0,2577,199,1406,821,151,0.0743362831858407
882,06037269906,269906,-0.8474806404926443,29.0,78721.0,3102,381,1468,1038,215,0.2216699801192843
883,06037269907,269907,-0.3168124853982558,30.0,68068.0,2825,231,1438,1001,155,0.18706099815157118
884,06037270100,270100,-0.7791601607340013,25.0,66071.0,4583,493,1937,1803,350,0.21925925925925926
885,06037270200,270200,-0.2976816919495967,26.0,65119.0,3120,424,937,1268,491,0.287292817679558
886,06037270300,270300,-0.3739134922169468,26.0,73375.0,2543,525,764,929,325,0.4799123447772096
887,06037271100,271100,-0.4917256907630949,24.0,91838.0,2500,450,536,1066,448,0.5326001571091908
888,06037271200,271200,-0.6705601432956052,26.0,67962.0,2734,396,1141,996,201,0.5009496676163343
889,06037271300,271300,-0.7009425291823042,26.0,91009.0,4075,547,949,1753,826,0.5443134271586154
890,06037271400,271400,-0.9752564039415212,26.0,130903.0,3753,853,401,1734,765,0.8403141361256544
891,06037271500,271500,-0.8030604970683712,27.0,94330.0,3192,683,491,1293,725,0.32833655705996134
892,06037271600,271600,-0.33289989083945815,26.0,86522.0,4694,802,2073,1381,438,0.26334841628959277
893,06037271701,271701,-0.3032774977454919,25.0,91567.0,5777,746,2233,1942,856,0.232796486090776
894,06037271702,271702,-0.5038468431477181,26.0,61063.0,3999,795,1792,1137,275,0.18206278026905828
895,06037271801,271801,-0.4851399879651757,28.0,55028.0,3300,267,1280,1403,350,0.2554112554112554
896,06037271802,271802,-0.5908589956389187,27.0,77112.0,5720,669,2178,2313,560,0.2639450282942603
897,06037271901,271901,-0.5076865980857816,26.0,83438.0,3267,464,1107,1291,405,0.39017857142857143
898,06037271902,271902,-0.484436874764855,28.0,72695.0,4030,673,1032,1794,531,0.2525117213663764
899,06037272100,272100,-0.4073897110695829,26.0,92034.0,4678,895,1113,1972,698,0.5650391352963101
900,06037272201,272201,-0.27675966428359544,30.0,63750.0,2736,363,933,1240,200,0.1579194001874414
901,06037272202,272202,-0.3064332806418619,26.0,63867.0,3549,562,1226,1473,288,0.22233676975945016
902,06037272301,272301,0.05821800622035067,28.0,76429.0,3097,442,704,1431,520,0.20368620037807184
903,06037272302,272302,-0.1390967685440444,26.0,55000.0,4423,813,1372,1775,463,0.25051154633148204
904,06037273100,273100,-0.6480641329292475,26.0,115000.0,2564,458,549,1147,410,0.6261848341232228
905,06037273200,273200,-0.032777298959239254,29.0,84661.0,3271,482,1044,1378,367,0.22785331685208077
906,06037273300,273300,-0.049016361023087485,25.0,71949.0,3232,622,1176,1168,266,0.13118279569892474
907,06037273402,273402,-0.10400172354639883,23.0,63765.0,2996,165,1268,1017,546,0.11966824644549763
908,06037273502,273502,0.04754200226069205,31.0,83304.0,2892,250,991,1385,266,0.17252173913043478
909,06037273600,273600,-0.5665532007325522,29.0,136471.0,2251,351,462,1086,352,0.33485938521909747
910,06037273700,273700,-1.1350275107118852,24.0,91774.0,2953,532,701,1418,302,0.23804519180241723
911,06037273800,273800,-0.6159891354986066,27.0,93099.0,3072,416,999,1286,371,0.3134502923976608
912,06037273902,273902,-0.20433326993866968,31.0,141288.0,4061,492,946,1820,803,0.21760321100917432
913,06037274100,274100,-0.550679811192401,26.0,112833.0,4441,603,1418,1836,584,0.17193836171938362
914,06037274202,274202,-0.6442121328942619,32.0,125331.0,4416,444,825,2185,962,0.39360140886410333
915,06037275101,275101,-0.30332663296562035,30.0,78875.0,1179,155,453,385,186,0.5772251308900523
916,06037275102,275102,-0.3302703438147855,32.0,54676.0,4109,943,1270,1481,415,0.43073684210526314
917,06037275200,275200,-0.047764997429917994,27.0,58750.0,3826,548,1522,1260,496,0.2608843537414966
918,06037275302,275302,-0.23036084595752407,25.0,86429.0,4705,558,1132,1958,1057,0.20444801714898178
919,06037275311,275311,-0.7479433053545278,30.0,87284.0,5627,840,1250,2487,1050,0.4729616138974503
920,06037275400,275400,-0.5313415725118688,26.0,136424.0,3942,439,932,2120,451,0.23164556962025318
921,06037275500,275500,0.6846683185247155,30.0,36789.0,5478,1176,1613,1933,756,0.5634101941747572
922,06037275602,275602,-0.6259182879741585,28.0,129643.0,10539,2068,2912,4819,740,0.15254237288135594
923,06037275603,275603,-0.7846359847217979,30.0,79313.0,2710,466,531,1226,487,0.6680208937899014
924,06037276000,276000,-1.0616091123070237,27.0,124904.0,5561,875,997,2595,1094,0.7040851355990387
925,06037276100,276100,-0.16089292041499148,29.0,63814.0,5758,847,2260,2170,481,0.21779947427713106
926,06037276400,276400,-0.7191817906757834,28.0,131786.0,4075,782,779,1720,794,0.6634885025238362
927,06037276500,276500,-0.4733475825079053,16.0,88500.0,5570,345,4136,817,272,0.7008032128514057
928,06037276601,276601,-0.7269394156297906,30.0,124364.0,4129,537,1145,1695,752,0.8986899563318778
929,06037276603,276603,-0.37144782652172137,31.0,90821.0,5335,525,1897,2207,706,0.14817073170731707
930,06037276604,276604,-0.3676898332449906,29.0,82182.0,4417,488,2059,1305,565,0.034581383255330216
931,06037277000,277000,-0.9246824988494883,30.0,138542.0,5436,1026,1066,2235,1109,0.6801575931232091
932,06037277100,277100,-0.8371964924860229,29.0,128021.0,3115,719,411,1472,513,0.8267526188557615
933,06037277200,277200,0.43220193017429365,29.0,59186.0,2424,425,1008,835,156,0.2688756110809343
934,06037277400,277400,0.5176103071745499,33.0,41103.0,1263,345,465,392,61,0.2937365010799136
935,06037278001,278001,-0.40451961102721157,26.0,98523.0,2493,477,563,1163,290,0.8276923076923077
936,06037278102,278102,-0.8106331763186462,31.0,138456.0,3063,219,798,1516,530,0.45038513819664705
937,06037291110,291110,0.7965383745106773,28.0,41089.0,4059,1109,1026,1439,485,0.2612208258527828
938,06037291120,291120,0.7783995900568159,28.0,49194.0,2327,579,773,829,146,0.7502230151650312
939,06037291130,291130,-0.18861453582870075,27.0,61458.0,3643,734,991,1512,406,1.1258687258687259
940,06037291210,291210,0.33023908047244976,26.0,54297.0,5488,1386,1233,2147,722,0.626465661641541
941,06037291220,291220,-0.7123713308887489,24.0,52273.0,3647,861,1003,1344,439,0.9476885644768857
942,06037291300,291300,-1.1834695988310062,31.0,79034.0,2873,441,640,1130,662,1.0729646697388633
943,06037292000,292000,0.5110180521045424,31.0,38186.0,6314,1614,1736,2394,570,0.4729935916997254
944,06037293201,293201,0.15947778960717365,29.0,59760.0,6758,1459,1743,2705,851,0.5461560445841669
945,06037293202,293202,0.1956977767154172,27.0,41634.0,6623,2168,1988,2203,264,0.5915449176251165
946,06037293301,293301,-0.8826034312428277,26.0,81375.0,3033,459,684,1319,571,0.8712595685455811
947,06037293302,293302,0.09715886351367709,27.0,67500.0,5315,1495,1018,2090,712,0.4806201550387597
948,06037293304,293304,0.053680322543071146,27.0,60754.0,4665,1171,1147,1936,411,0.9642248722316865
949,06037293306,293306,-1.0821451983173822,29.0,85856.0,2451,471,493,1115,372,1.2983151635282457
950,06037293307,293307,-0.15032648594799858,28.0,50735.0,2552,458,811,1105,178,0.45161290322580644
951,06037294110,294110,0.409648029465943,25.0,50988.0,4177,1237,890,1584,466,1.6166056166056166
952,06037294120,294120,0.9789154878142381,27.0,42031.0,2545,929,626,799,191,0.9829545454545454
953,06037294200,294200,-0.635428205117616,23.0,62083.0,5303,1521,1338,1820,624,1.3099128540305012
954,06037294301,294301,-1.360112855306361,23.0,65897.0,2539,578,596,969,396,1.157239819004525
955,06037294302,294302,-0.43853987031338737,28.0,53804.0,4406,1206,1113,1677,410,0.8513740886146943
956,06037294410,294410,0.8211266823834587,33.0,46094.0,5103,1704,1215,1784,400,0.29545454545454547
957,06037294421,294421,0.8775513314493251,21.0,41117.0,2847,778,578,1194,297,0.46465968586387435
958,06037294510,294510,0.1486204159998713,23.0,49505.0,5145,1467,1518,1866,294,0.8807542983915696
959,06037294520,294520,0.09593400717566777,25.0,49188.0,3779,1323,995,1211,250,0.6342259960809928
960,06037294610,294610,-0.09593500904529165,25.0,43950.0,4288,1257,1290,1327,414,0.7341902313624679
961,06037294620,294620,-0.7410923364035681,21.0,42829.0,4755,1228,1426,1611,490,1.0819954128440368
962,06037294701,294701,0.20289464306535152,23.0,40026.0,3229,1033,913,1063,220,0.5455108359133127
963,06037294810,294810,0.34253520716076896,25.0,46667.0,4269,1482,1208,1444,135,0.6330425299890948
964,06037294820,294820,0.8766731278937416,27.0,38949.0,3631,1228,1106,1107,190,0.6178194607268465
965,06037294830,294830,0.5401745878588654,23.0,36372.0,3892,1168,1130,1349,245,0.5320855614973262
966,06037294900,294900,0.3809252310149074,26.0,39712.0,3637,1241,871,1164,361,0.7913669064748201
967,06037295103,295103,-0.39538097260517535,27.0,116204.0,4981,726,894,2176,1185,0.9645068097399917
968,06037296210,296210,0.29915710873165263,29.0,37723.0,3189,992,976,981,240,0.2319004524886878
969,06037296220,296220,1.3455048959970255,33.0,27066.0,4405,1334,1050,1442,579,0.2514876291888506
970,06037296300,296300,-0.15054288358448265,30.0,80000.0,4937,998,943,2285,711,0.6173691860465116
971,06037296401,296401,-0.556314009879008,32.0,84844.0,3375,556,759,1224,836,0.5586080586080586
972,06037296402,296402,-0.511849629887022,25.0,102734.0,3386,744,836,1286,520,1.0700867052023122
973,06037296500,296500,1.0862187034418271,25.0,38486.0,3867,1042,993,1347,485,0.5837587006960557
974,06037296600,296600,1.2181129799127748,25.0,36514.0,5194,1419,1061,2107,607,0.3728661275831087
975,06037296901,296901,0.6940046757981729,28.0,43405.0,4422,1268,1254,1634,266,0.4226170140075162
976,06037296902,296902,0.010938114564741266,29.0,48347.0,3997,931,1006,1620,440,0.28504828504828505
977,06037297000,297000,-0.6167118990813487,28.0,100982.0,5476,974,1228,2525,749,0.45788667687595713
978,06037297110,297110,0.5224204410965547,31.0,37531.0,4635,1085,1339,1803,408,0.15234508729887025
979,06037297120,297120,0.35277614575850663,26.0,37571.0,3097,810,789,1166,332,0.6370409792442788
980,06037297201,297201,-0.4589591027489054,34.0,57368.0,4267,1186,1157,1622,302,0.6905050505050505
981,06037297202,297202,-0.2154734318678308,27.0,73269.0,3921,880,889,1558,594,0.6116460339293902
982,06037297300,297300,-0.9059194626822892,32.0,77554.0,2370,735,495,798,342,0.5713073005093379
983,06037297400,297400,-0.5266763805814231,28.0,85875.0,3469,502,453,1337,1177,0.8014142604596346
984,06037297500,297500,-1.0143146674765757,29.0,100152.0,5369,1148,981,2279,961,1.047204553063274
985,06037297601,297601,-0.6911076369796212,30.0,53934.0,2735,746,638,1033,318,0.1625222024866785
986,06037297602,297602,-0.18100982985508696,31.0,65729.0,3739,709,724,1656,650,0.3181985972683647
1404,06037480703,480703,-0.48730532068299137,32.0,106750.0,3694,960,796,1524,414,0.4910614525139665
1405,06037480704,480704,-0.5443485389487619,30.0,79621.0,4726,1287,835,2124,480,0.5380507343124166
1720,06037543905,543905,0.565919095543908,32.0,64313.0,4673,1307,1297,1632,437,1.376336421952958
2001,06037602900,602900,0.2750364143894242,26.0,33750.0,4339,1130,1000,1829,380,0.6897980321077162
2109,06037700501,700501,-0.43071522391067524,28.0,82847.0,3567,145,1275,1641,506,0.06632390745501285
2118,06037701100,701100,4.594400725549763,38.0,,1096,83,177,650,186,0.10810810810810811
2137,06037702300,702300,-0.48076542305148867,23.0,95246.0,6701,1251,1515,2819,1116,0.24318233040342574
2155,06037800204,800204,-0.8863618343769618,40.0,130363.0,4604,1003,570,1929,1102,0.6410144293834718
2298,06037920303,920303,-0.6258783121144861,32.0,102500.0,1616,348,370,786,112,0.7678381256656017
2315,06037930200,930200,0.2995992435990145,43.0,56979.0,419,80,89,211,39,1.4597701149425288
2324,06037980008,980008,-1.950364283524108,,,90,36,6,41,7,0.7142857142857143
2325,06037980009,980009,7.020508965283895,3.0,,5,0,5,0,0,
2326,06037980010,980010,0.07489469152902256,,,189,54,6,83,46,0.6666666666666666
2328,06037980014,980014,-2.1067499813928405,,,10,0,0,10,0,0.0
2329,06037980015,980015,0.8373276184834566,32.0,54167.0,556,120,178,242,16,0.0
2331,06037980019,980019,-0.501194679117056,28.0,226500.0,151,23,6,69,53,0.43902439024390244
2332,06037980020,980020,,,,0,0,0,0,0,
2333,06037980021,980021,-2.1067499813928405,,,12,4,0,8,0,0.0
2334,06037980022,980022,,,,0,0,0,0,0,
2335,06037980023,980023,,,,0,0,0,0,0,
2336,06037980024,980024,-1.618722425342208,29.0,124038.0,264,74,47,112,31,1.5315315315315314
2338,06037980026,980026,-2.1067499813928405,,,37,18,10,9,0,0.0
2339,06037980028,980028,,,,0,0,0,0,0,
2341,06037980031,980031,0.028907650442790755,,64500.0,1113,24,278,714,97,0.0
2344,06037990200,990200,,,,0,0,0,0,0,
