,Station,Address,lat,lon,zipcode,Geo_FIPS,concentrated_disadvantage,commute_time,cars_per_home,median_household_income,ev_car_zip_count,total_population,pop_below_18,pop_between_18_34,pop_between_34_65,pop_over_65
0,AUI-10372,"2316 W Martin Luther King Jr Blvd, Los Angeles, CA",34.0107197,-118.3188814,90008,6037234000,0.14936149341820282,34.0,0.6428571428571429,56708.0,232,5156,1040,944,2213,959
1,AUI-10263,"1231 S Hill St, Los Angeles, CA",34.0385137,-118.26189,90015-3018,6037207900,-0.11658215953072175,29.0,0.09440389294403892,88800.0,224,6133,515,3220,2063,335
2,AUI-10254,"942 S Crocker St, Los Angeles, CA",34.0351995,-118.2499719,90021,6037226002,1.2070649167533478,32.0,0.06715328467153285,27632.0,79,1754,208,692,774,80
3,AUI-10265,"5764 S Vermont Ave, Los Angeles, CA",33.9897875,-118.2911317,90037,6037232700,1.199626960631544,35.0,0.8459743290548425,37067.0,62,6588,1926,1816,2340,506
4,AUI-10218,"7150 N Shoup Ave, Los Angeles, CA",34.200029,-118.614541,91303,6037134303,-0.20162546254290606,31.0,0.9828042328042328,88526.0,126,5723,884,1271,2616,952
5,AUI-10241,"20771 W Sherman Way, Los Angeles, CA",34.2011999,-118.4531985,91401-2649,6037127220,0.8919442752393832,33.0,0.3154499151103565,40665.0,532,5005,1009,1377,2091,528
6,AUI-10201,"145 E Olympic Blvd, Los Angeles, CA",34.0401526,-118.2564209,90015,6037207900,-0.11658215953072175,29.0,0.09440389294403892,88800.0,224,6133,515,3220,2063,335
7,AUI-10226,"1222 S Grand Ave, Los Angeles, CA",34.03928270000001,-118.2635887,90015,6037207900,-0.11658215953072175,29.0,0.09440389294403892,88800.0,224,6133,515,3220,2063,335
8,AUI-10212,"1676 N Hobart Blvd, Los Angeles, CA",34.1013974,-118.3056538,90029-3737,6037190520,0.7261335421745508,30.0,0.14107883817427386,35938.0,154,3873,524,1125,1576,648
9,AUI-10244,"5617 N Laurel Canyon Blvd, Los Angeles, CA",34.2259818,-118.3978384,91352,6037121010,-0.015167129043062609,35.0,1.0874617737003058,64135.0,233,4901,1064,1318,1830,689
10,AUI-10259,"4977 N Genesta Ave, Los Angeles, CA",34.16129300000001,-118.503322,91316-3402,6037139600,-0.21685336307918915,36.0,0.4140256237356709,79023.0,598,4803,961,897,2012,933
11,AUI-10228,"4882 N Libbit Ave, Los Angeles, CA",34.1580375,-118.48802179999998,91436,6037139701,-1.11512109762523,34.0,0.9671266233766234,144337.0,901,5336,990,1014,2166,1166
12,AUI-10345,"5093 Alonzo Ave, Los Angeles, CA",34.16253270000001,-118.520257,91316,6037139502,-0.03980811934271061,36.0,0.6287425149700598,69048.0,598,2856,442,521,1205,688
13,AUI-10248,"20217 Prairie St, Los Angeles, CA",34.2392059,-118.5733855,91311,6037113303,-0.4087095810901445,29.0,0.9339320076972418,83971.0,556,4307,889,768,1826,824
14,AUI-10328,"25825 Normandie Ave, Los Angeles, CA",33.7893434,-118.2974987,90710-2805,6037294421,1.0846576622651585,21.0,0.4646596858638744,41117.0,177,2847,778,578,1194,297
15,AUI-10237,"25820 S Western Ave, Los Angeles, CA",33.78875120000001,-118.3074043,90717,6037293307,0.02024501695331549,28.0,0.4516129032258064,50735.0,180,2552,458,811,1105,178
16,AUI-10214,"1557 W 19th St, Los Angeles, CA",33.7270625,-118.3105717,90732,6037297000,-0.4836514204085857,28.0,0.4578866768759571,100982.0,225,5476,974,1228,2525,749
17,AUI-10262,"12412 W Moorpark St, Los Angeles, CA",34.150277,-118.403516,91604,6037143500,0.20431671504928,33.0,0.28365515365787325,91563.0,947,5241,1179,990,2484,588
18,AUI-10224,"23743 W Roscoe Blvd, Los Angeles, CA",34.219302899999995,-118.644998,91304,6037113231,-0.7485972682927924,33.0,1.0059523809523812,105208.0,433,2424,534,407,1011,472
19,AUI-10269,"17729 Chatsworth Ave, Los Angeles, CA",34.265103700000004,-118.5208745,91344,6037111202,-0.6047326909669981,30.0,1.0986629783310282,80521.0,827,5329,1152,1099,2260,818
20,AUI-10205,"6710 Platt Ave, Los Angeles, CA",34.1925151,-118.6425347,91307,6037135203,-0.7237261917025528,37.0,1.1070823449678076,115519.0,560,7674,1706,1183,3475,1310
21,AUI-10255,"290 N Mission Road, Los Angeles, CA",34.0506258,-118.2270707,90033,6037206032,0.5212263191176763,33.0,0.19892302819132088,35706.0,64,5185,1141,1544,1570,930
22,AUI-10268,"17832 Plummer Street, Los Angeles, CA",34.2428198,-118.5227509,91330-8449,6037115104,0.3449804003639989,28.0,0.41302381670183896,51094.0,71,4752,581,2409,1202,560
23,AUI-10257,"20321 W Saticoy St, Los Angeles, CA",34.208268100000005,-118.4721919,91406,6037127300,-0.41475426297063417,38.0,0.48407357559443703,53476.0,469,3731,724,846,1676,485
24,AUI-10274,"651 W 1st, Los Angeles, CA",33.78102020000001,-118.2694377,90744,6037294810,0.5559683187670635,25.0,0.6330425299890948,46667.0,109,4269,1482,1208,1444,135
25,AUI-10245,"9200 Venice Blvd, Los Angeles, CA",34.0263805,-118.3933239,90034-4000,6037270100,-0.6441939144680285,25.0,0.21925925925925926,66071.0,712,4583,493,1937,1803,350
26,AUI-10216,"4712 W Washington Blvd, Los Angeles, CA",34.0395664,-118.3420489,90016,6037218600,0.3149594656292617,33.0,0.4385057471264368,56167.0,256,3009,552,834,1297,326
27,AUI-10273,"13310 W Bluff Creek Dr, Los Angeles, CA",33.9681023,-118.4262923,90293,6037275602,-0.4970074237269682,28.0,0.15254237288135594,129643.0,268,10539,2068,2912,4819,740
28,AUI-10270,"9037 Loyola Blvd, Los Angeles, CA",33.957465899999995,-118.4177188,90045,6037276604,-0.2311365422853817,29.0,0.034581383255330216,82182.0,818,4417,488,2059,1305,565
29,AUI-10232,"1724 W Century Blvd, Los Angeles, CA",33.9453286,-118.3073544,90047,6037238000,0.953107954550142,37.0,0.3865704424223407,63970.0,130,5886,748,1183,2998,957
30,AUI-10256,"8843 S St Andrews Pl, Los Angeles, CA",33.9573684,-118.3116296,90047,6037238400,0.9004643733281146,30.0,0.5211102423768569,51420.0,130,4801,1078,893,1748,1082
31,AUI-10230,"8923 S Western Ave, Los Angeles, CA",33.9556072,-118.3092868,90047,6037238400,0.9004643733281146,30.0,0.5211102423768569,51420.0,130,4801,1078,893,1748,1082
32,AUI-10234,"3145 S Vermont Ave, Los Angeles, CA",34.0262389,-118.291681,90089,6037221900,2.297692875224299,25.0,0.16132723112128147,12319.0,70,3802,264,3082,235,221
33,AUI-10240,"3540 W 3rd St, Los Angeles, CA",34.0687591,-118.2931096,90020,6037211921,-0.5171093414614294,31.0,0.06976744186046513,33407.0,225,2519,484,788,1053,194
34,AUI-10239,"19054 N Kittridge St, Los Angeles, CA",34.1902212,-118.5485848,91335,6037132502,1.040382780783061,30.0,0.66864490603363,59917.0,435,4085,933,1038,1599,515
35,AUI-10225,"23385 W Burbank Blvd, Los Angeles, CA",34.1722467,-118.6443485,91367,6037137302,-0.9905119131580892,32.0,0.8640939597315436,134971.0,766,4406,794,455,2127,1030
36,AUI-10223,"18401-18435 Kittridge St, Los Angeles, CA",34.1902425,-118.5335015,91335,6037132700,-0.7044693106375564,32.0,0.5041758241758242,68553.0,435,5048,1317,1065,2140,526
37,AUI-10203,"6813 N Hayvenhurst Ave, Los Angeles, CA",34.166923,-118.4923732,91436,6037980024,-1.501105554626723,29.0,1.5315315315315314,124038.0,901,264,74,47,112,31
38,AUI-10202,"6013 W Cadillac Ave, Los Angeles, CA",34.037672,-118.37471399999998,90034,6037270300,-0.2463759603111226,26.0,0.4799123447772096,73375.0,712,2543,525,764,929,325
39,AUI-10253,"587 S Hobart Blvd, Los Angeles, CA",34.0638047,-118.3055059,90006,6037211802,-0.589325738104732,29.0,0.07488653555219364,40625.0,140,4463,806,1163,2032,462
40,AUI-10215,"609 W Alpine St, Los Angeles, CA",34.063369,-118.241175,90012,6037207103,1.1038277491155806,26.0,0.14941892639734367,27292.0,1016,2324,380,509,922,513
41,AUI-10219,"6438 N Fulton Ave, Los Angeles, CA",34.18744,-118.422412,91401,6037123520,0.228808348148288,32.0,0.4917444364680546,53098.0,532,2888,737,821,1055,275
42,AUI-10242,"1109 South La Brea Ave, Los Angeles, CA",34.054634,-118.343996,90019,6037216200,-0.27290515916284985,29.0,0.4138225255972696,95707.0,512,5494,691,1477,2767,559
43,AUI-10272,"7614 N Louise Ave, Los Angeles, CA",34.2088705,-118.5096412,91406,6037131100,-0.6718182125058576,37.0,1.1561144839549002,68553.0,469,3372,761,682,1394,535
44,AUI-10260,"9866 N De Soto Ave, Los Angeles, CA",34.249545,-118.5883922,91311,6037113303,-0.4087095810901445,29.0,0.9339320076972418,83971.0,556,4307,889,768,1826,824
45,AUI-10258,"11118 S Main St, Los Angeles, CA",33.93414600000001,-118.2737655,90061,6037241110,0.577653087530587,33.0,0.930662557781202,43182.0,35,3269,964,1097,967,241
46,AUI-10222,"3840 S Western Ave, Los Angeles, CA",34.016127000000004,-118.30875690000002,90062,6037231300,0.9672183390850408,36.0,0.5108502312344362,46767.0,52,5444,1011,1574,2375,484
47,AUI-10209,"11730 National Blvd, Los Angeles, CA",34.02189370000001,-118.4394675,90064,6037271500,-0.6801385183148879,27.0,0.3283365570599613,94330.0,876,3192,683,491,1293,725
48,AUI-10210,"11667 W Santa Monica Blvd, Los Angeles, CA",34.044141,-118.455429,90025,6037267501,-0.41848338864588797,23.0,0.15417428397318708,79531.0,836,6489,876,3225,1890,498
49,AUI-10213,"10478 W Wilshire Blvd, Los Angeles, CA",34.0647503,-118.4310256,90024-2613,6037265700,-0.13545418108149193,24.0,0.16342308717675286,80685.0,823,4866,744,855,1950,1317
50,AUI-10211,"8334 Lincoln Blvd, Los Angeles, CA",33.9618772,-118.4208079,90293,6037276500,-0.3139732620950295,16.0,0.7008032128514057,88500.0,268,5570,345,4136,817,272
51,AUI-10221,"12159 W Olympic Blvd, Los Angeles, CA",34.032711,-118.4550231,90064,6037267600,-0.2269326466996304,25.0,0.5138416707139388,76250.0,876,2929,413,767,1285,464
52,AUI-10217,"6646 W Sunset Blvd, Los Angeles, CA",34.0978525,-118.3348393,90028,6037190700,0.7202629706033878,29.0,0.007514088916718849,37300.0,221,2841,234,1092,1058,457
53,AUI-10208,"12237 W Santa Monica Blvd, Los Angeles, CA",34.04001179999999,-118.46559340000002,90025,6037267402,-0.18617374086861452,26.0,0.27626774847870184,74748.0,836,4941,362,2502,1651,426
54,AUI-10271,"11816 W Major St, Los Angeles, CA",33.984934,-118.4002577,90230,6037275603,-0.6579395693054257,30.0,0.6680208937899014,79313.0,516,2710,466,531,1226,487
55,AUI-10252,"11677 San Vicente Blvd, Los Angeles, CA",34.054247100000005,-118.4651397,90049,6037264103,0.5639856442316036,26.0,0.020579268292682928,100160.0,1600,2708,284,926,1087,411
56,AUI-10250,"8624 S Wilton Pl, Los Angeles, CA",33.9591244,-118.314752,90047,6037238400,0.9004643733281146,30.0,0.5211102423768569,51420.0,130,4801,1078,893,1748,1082
57,AUI-10246,"1516 N North Spring St, Los Angeles, CA",34.06782860000001,-118.2305633,90012,6037206010,1.265594417263398,32.0,0.555210643015521,38734.0,1016,3943,846,911,1521,665
58,AUI-10220,"616 W Washington Blvd, Los Angeles, CA",34.0347482,-118.2737356,90015,6037224020,0.8416320273321998,34.0,0.042238648363252376,26493.0,224,2476,565,850,966,95
59,AUI-10243,"13076 W Sherman Way, Los Angeles, CA",34.2011905,-118.4515324,91405,6037127220,0.8919442752393832,33.0,0.3154499151103565,40665.0,704,5005,1009,1377,2091,528
60,AUI-10204,"2843 S Flower St, Los Angeles, CA",34.0262014,-118.2760072,90007,6037224700,2.052654847241659,18.0,0.28955696202531644,10802.0,151,6456,61,6175,205,15
61,AUI-10200,"182 S Alameda St, Los Angeles, CA",34.047486,-118.2378968,90012,6037206031,-0.8536082280395552,29.0,0.1698677974557246,90590.0,1016,3788,227,1892,1480,189
62,AUI-10227,"19135 W Victory Blvd, Los Angeles, CA",34.186682,-118.549965,91335,6037133100,-0.537881267169334,34.0,0.4957772912105098,51417.0,435,5578,1056,1246,2126,1150
63,AUI-10235,"12387 W Osborne St, Los Angeles, CA",34.2609217,-118.4031581,91331,6037104704,0.5215081807051171,33.0,1.102642901044868,48581.0,229,4331,1261,1152,1549,369
64,AUI-10206,"6765 W Foothill Blvd, Los Angeles, CA",34.2479199,-118.2792176,91042,6037101220,-0.13476839107873534,30.0,0.4241851676901275,41728.0,290,3497,726,764,1434,573
65,AUI-10266,"12518 W Oxnard St, Los Angeles, CA",34.180236,-118.5055565,91316,6037980024,-1.501105554626723,29.0,1.5315315315315314,124038.0,598,264,74,47,112,31
66,AUI-10264,"12728 W Sherman Way, Los Angeles, CA",34.2011905,-118.4515324,91405,6037127220,0.8919442752393832,33.0,0.3154499151103565,40665.0,704,5005,1009,1377,2091,528
67,AUI-10229,"15596 W Roxford St, Los Angeles, CA",34.3116785,-118.47127240000002,91312,6037106510,-0.8361951370590566,37.0,0.9611111111111112,91983.0,0,5347,1477,923,2431,516
68,AUI-10247,"13194 W Sherman Way, Los Angeles, CA",34.2011905,-118.4515324,91405,6037127220,0.8919442752393832,33.0,0.3154499151103565,40665.0,704,5005,1009,1377,2091,528
69,AUI-10251,"1348 Abbot Kinney Blvd, Los Angeles, CA",33.990557,-118.46648229999998,90291,6037273502,0.2050678044182633,31.0,0.17252173913043478,83304.0,877,2892,250,991,1385,266
70,AUI-10267,"13629 W Sherman Way, Los Angeles, CA",34.2019429,-118.4512499,91401-2649,6037127220,0.8919442752393832,33.0,0.3154499151103565,40665.0,532,5005,1009,1377,2091,528
71,AUI-10249,"3773 Motor Ave, Los Angeles, CA",34.02090310000001,-118.4045579,90034-5702,6037269903,0.17059053417553974,27.0,0.2174977057204038,59757.0,712,3596,358,1743,1281,214
72,AUI-10236,"840 Imperial Hwy, Los Angeles, CA",33.9308114,-118.2907242,90047-4899,6037241202,1.3547828404168265,37.0,0.6640816326530612,40596.0,130,5436,1697,1321,1899,519
73,AUI-10233,"4121 Valley Blvd, Los Angeles, CA",34.06483,-118.194347,90032,6037201402,0.1366635032630607,33.0,1.2251867662753468,56698.0,283,5149,1090,1209,1759,1091
74,AUI-10231,"1862 Robertson Blvd, Los Angeles, CA",34.0452966,-118.3865051,90035-4232,6037269500,-0.96317497384883,24.0,0.6488651535380507,168224.0,495,3929,1203,431,1651,644
75,AUI-10238,"8931 Venice Blvd, Los Angeles, CA",34.0288024,-118.3898835,90034,6037270100,-0.6441939144680285,25.0,0.21925925925925926,66071.0,712,4583,493,1937,1803,350
76,AUI-10289,"4940 Paso Robles Ave, Los Angeles, CA",34.1609594,-118.5018593,91316-3402,6037139600,-0.21685336307918915,36.0,0.4140256237356709,79023.0,598,4803,961,897,2012,933
77,AUI-10285,"10928 W Pico Blvd, Los Angeles, CA",34.03898820000001,-118.4303435,90064,6037267800,-0.4460177468933856,22.0,0.17993920972644378,73049.0,876,2680,568,390,1221,501
78,AUI-10291,"4647 Marmion Way, Los Angeles, CA",34.099644399999995,-118.2054051,90042,6037185100,0.008000886339455247,35.0,0.8802568218298555,101103.0,543,6677,991,2061,2786,839
79,AUI-10293,"7224 Valjean Ave, Los Angeles, CA",34.2019408,-118.4857003,91406,6037127400,0.057101535699511735,29.0,0.6130622304374614,48193.0,469,6673,1797,1709,2811,356
80,AUI-10280,"16501 Otsego St, Los Angeles, CA",34.162938200000006,-118.4926688,91436,6037139701,-1.11512109762523,34.0,0.9671266233766234,144337.0,901,5336,990,1014,2166,1166
81,AUI-10277,"4424 Wesley Ave., Los Angeles, CA",34.0029364,-118.2876652,90037,6037232110,1.0203571970413574,37.0,0.3363994743758213,32266.0,62,2890,791,798,1094,207
82,AUI-10279,"18235 South Figueroa St, Los Angeles, CA",33.8654075,-118.2819881,90248,6037291300,-1.072547828503879,31.0,1.0729646697388633,79034.0,259,2873,441,640,1130,662
83,AUI-10284,"15321 S Figueroa St, Los Angeles, CA",33.8921709,-118.283233,90248,6037291210,0.5289360488229312,26.0,0.626465661641541,54297.0,259,5488,1386,1233,2147,722
84,AUI-10283,"18401 Burbank Blvd, Los Angeles, CA",34.1720633,-118.5337705,91356,6037139401,-0.4558990901289856,34.0,0.16292848074481592,63048.0,643,2795,470,566,1248,511
85,AUI-10286,"7245 Canoga Ave, Los Angeles, CA",34.202333,-118.597861,91303,6037134522,0.8556316318391715,30.0,0.2846832397754611,37003.0,126,4305,1248,1202,1534,321
86,AUI-10326,"5962 San Vicente Blvd, Los Angeles, CA",34.0567988,-118.3615579,90019,6037216900,0.026990705669688503,27.0,0.1283684468397844,69968.0,512,5100,560,1059,2764,717
87,AUI-10315,"14901 Rinaldi street, Los Angeles, CA",34.2793651,-118.45746,91345,6037109100,-0.3109107531128028,28.0,1.3199588477366255,59792.0,100,2738,524,553,935,726
88,AUI-10282,"10455 W Magnolia Blvd, Los Angeles, CA",34.1651823,-118.3590241,91601,6037125310,0.30520341796600764,28.0,0.3247696174253002,53022.0,366,4761,740,1695,1902,424
89,AUI-10308,"3117 Temple St., Los Angeles, CA",34.075306,-118.280769,90004-3624,6037195802,-0.02596569494801809,32.0,0.5265405735204393,58981.0,501,2817,474,917,1057,369
90,AUI-10314,"20124 Sherman Way, Los Angeles, CA",34.200408,-118.5718745,91371,6037134800,-0.7190652338073544,34.0,1.2710997442455243,80109.0,4,6473,1283,1586,2820,784
91,AUI-10309,"8245 Winnetka Ave, Los Angeles, CA",34.2198591,-118.5713659,91306-1630,6037134103,-0.4327925636292579,30.0,0.8007747648035418,76250.0,301,4543,914,876,2038,715
92,AUI-10288,"1747 S Barrington Ave, Los Angeles, CA",34.04013,-118.4534103,90025,6037267501,-0.41848338864588797,23.0,0.15417428397318708,79531.0,836,6489,876,3225,1890,498
93,AUI-10298,"10416 Irene St, Los Angeles, CA",34.029833700000005,-118.4116094,90034,6037269904,-0.18333397210273955,24.0,0.02044989775051125,68865.0,712,4039,479,1647,1669,244
94,AUI-10302,"722 Alameda St, Los Angeles, CA",34.032807899999995,-118.238363,90021,6037206031,-0.8536082280395552,29.0,0.1698677974557246,90590.0,79,3788,227,1892,1480,189
95,AUI-10287,"2900 S Sepulveda Blvd, Los Angeles, CA",34.028657700000004,-118.4290429,90064-1508,6037271702,-0.33943096658366073,26.0,0.18206278026905828,61063.0,876,3999,795,1792,1137,275
96,AUI-10321,"6510 Forest Lawn Drive, Los Angeles, CA",34.1463664,-118.33349309999998,91522,6037189701,-0.3995853256248037,32.0,0.3417235494880546,91451.0,97,3200,458,754,1530,458
97,AUI-10322,"11320 Laurel Canyon Blvd, Los Angeles, CA",34.2760489,-118.4498162,91340,6037109500,-0.35597732884689004,27.0,1.0454237288135593,44118.0,114,4821,1447,1280,1341,753
98,AUI-10317,"8309 Louise Ave, Los Angeles, CA",34.221544,-118.5102314,91325,6037115401,-0.6110583426372481,31.0,0.6174794173527549,61483.0,458,6219,1597,1358,2647,617
99,AUI-10310,"7537 Balboa Blvd, Los Angeles, CA",34.207544,-118.501288,91406-5441,6037131900,-0.29484891846691164,30.0,0.965742251223491,75255.0,469,4824,953,1169,2185,517
100,AUI-10313,"18099 Rinaldi street, Los Angeles, CA",34.278644799999995,-118.5274194,91344-1701,6037108103,-1.5053941694703683,35.0,1.4207369323050556,159643.0,827,3153,523,459,1377,794
101,AUI-10312,"21900 Plummer St, Los Angeles, CA",34.242412200000004,-118.6042211,91311,6037113237,-0.13808909592146046,36.0,0.878419452887538,82821.0,556,4145,831,714,1674,926
102,AUI-10307,"10567 Mason Ave, Los Angeles, CA",34.261771,-118.5798527,91311,6037113101,-0.7174313498704399,34.0,1.3874074074074074,105781.0,556,3699,613,718,1529,839
103,AUI-10387,"5350 San Vicente Blvd, Los Angeles, CA",34.0525027,-118.3512399,90019,6037217100,-0.3331028927439653,30.0,0.2329766536964981,64298.0,512,6326,1075,1685,2904,662
104,AUI-10294,"1143 S Beverly Dr, Los Angeles, CA",34.0565394,-118.39647820000002,90035,6037269100,-0.3012923410869374,22.0,0.17014547754585704,86039.0,495,4067,892,991,1462,722
105,AUI-10292,"664 S Central Ave, Los Angeles, CA",34.0372306,-118.2405573,90021,6037206300,2.512186714999324,39.0,0.04512672573665773,10294.0,79,5702,95,622,4312,673
106,AUI-10295,"5931 W 18th St, Los Angeles, CA",34.0438008,-118.37153290000002,90035,6037216700,0.5555245369923483,28.0,0.212485896953742,69750.0,495,3882,606,1257,1410,609
107,AUI-10296,"6299 W 87th St, Los Angeles, CA",33.9585605,-118.3947537,90045,6037278001,-0.2406460141811469,26.0,0.8276923076923077,98523.0,818,2493,477,563,1163,290
108,AUI-10290,"1398 S Orange Grove Ave, Los Angeles, CA",34.05147410000001,-118.3655228,90019,6037216900,0.026990705669688503,27.0,0.1283684468397844,69968.0,512,5100,560,1059,2764,717
109,AUI-10318,"2442 Marengo St, Los Angeles, CA",34.0539241,-118.20177,90033,6037203200,0.2936620612342583,32.0,0.4879963065558634,46699.0,64,5168,1463,1413,1816,476
110,AUI-10319,"10108 Mason Avenue, Los Angeles, CA",34.254166999999995,-118.579712,91311,6037113322,-0.7572890436699573,33.0,1.0066305003013865,93795.0,556,4284,653,663,2030,938
111,AUI-10316,"3022 S Grand Ave, Los Angeles, CA",34.0226929,-118.274234,90007,6037224600,1.120469412152214,32.0,0.2954091816367265,40600.0,151,3323,886,980,1074,383
112,AUI-10281,"3000 W Slauson Ave, Los Angeles, CA",33.988735299999995,-118.3256819,90043,6037234700,0.28324760033398105,44.0,0.4091304347826087,38776.0,244,3482,717,675,1592,498
113,AUI-10324,"11009 S Figueroa St, Los Angeles, CA",33.935441600000004,-118.28295690000002,90044,6037241202,1.3547828404168265,37.0,0.6640816326530612,40596.0,89,5436,1697,1321,1899,519
114,AUI-10323,"1033 W Pacific Coast Hwy, Los Angeles, CA",33.7906825,-118.2762558,90744-4522,6037294301,-1.23128092961453,23.0,1.157239819004525,65897.0,109,2539,578,596,969,396
115,AUI-10311,"5160 Vineland Avenue, Los Angeles, CA",34.1641232,-118.3696155,91601,6037125501,0.2259276502635271,33.0,0.2662860980523841,47227.0,366,3127,349,1290,1308,180
116,AUI-10299,"11410 Burbank Blvd, Los Angeles, CA",34.17184829999999,-118.3797377,91601,6037125200,0.6914851015201463,33.0,0.22252217508677208,64219.0,366,3623,708,817,1794,304
117,AUI-10320,"21365 Erwin St, Los Angeles, CA",34.182931,-118.59696,91367,6037134905,0.248015194038894,31.0,0.14021967749474176,79985.0,766,4354,341,1782,1787,444
118,AUI-10325,"8201 Tampa Avenue, Los Angeles, CA",34.219355,-118.553673,91306-1630,6037131600,-0.3760600701610416,33.0,1.2054429028815368,68214.0,301,5270,1094,1192,2337,647
119,AUI-10306,"6007 Variel Ave, Los Angeles, CA",34.179943200000004,-118.5933178,91365,6037134905,0.248015194038894,31.0,0.14021967749474176,79985.0,4,4354,341,1782,1787,444
120,AUI-10356,"7647 Canoga Avenue, Los Angeles, CA",34.209773,-118.5984299,91304,6037134306,-0.03920638137072405,31.0,0.4373857404021938,73516.0,433,4111,946,962,1741,462
121,AUI-10338,"3845 Selig Pl, Los Angeles, CA",34.0685547,-118.1989767,90031,6037199120,1.3006109661555765,36.0,0.4891796678409663,35776.0,151,4377,1141,1121,1456,659
122,AUI-10348,"10215 Palms Blvd, Los Angeles, CA",34.0272776,-118.4069342,90034,6037269907,-0.1804128743449017,30.0,0.1870609981515712,68068.0,712,2825,231,1438,1001,155
123,AUI-10342,"9418 National Blvd, Los Angeles, CA",34.0310983,-118.396575,90034,6037269800,-0.036257563435130966,28.0,0.15170278637770898,77778.0,712,3123,333,1305,1306,179
124,AUI-10297,"13308 Paxton St, Los Angeles, CA",34.276106,-118.422684,91331,6037104320,0.3264982268978889,28.0,0.9076112972714218,52895.0,229,5599,1274,1844,1891,590
125,AUI-10303,"1499 Gordon St, Los Angeles, CA",34.097803000000006,-118.320168,90028,6037190902,0.1393023675053559,33.0,0.2183050847457627,35787.0,221,3835,736,1245,1476,378
126,AUI-10305,"3211 Beverly Blvd, Los Angeles, CA",34.072617,-118.283315,90057,6037208610,0.8704144261233943,36.0,0.3613652357494722,46797.0,194,4441,675,1397,1874,495
127,AUI-10300,"3215 Beverly Blvd, Los Angeles, CA",34.072713,-118.283534,90057,6037208610,0.8704144261233943,36.0,0.3613652357494722,46797.0,194,4441,675,1397,1874,495
128,AUI-10301,"256 S Lafayette Park Pl, Los Angeles, CA",34.0675494,-118.2796614,90057,6037208620,0.5569878980301985,32.0,0.17814652473387602,39865.0,194,4319,797,1305,1642,575
129,AUI-10327,"948 E Vernon Ave, Los Angeles, CA",34.0037883,-118.2591613,90011,6037228600,1.3654675478181637,36.0,0.7259490379615184,42308.0,63,5125,1673,1559,1688,205
130,AUI-10332,"923 E 3rd St, Los Angeles, CA",34.0463078,-118.2341624,90013,6037206031,-0.8536082280395552,29.0,0.1698677974557246,90590.0,174,3788,227,1892,1480,189
131,AUI-10350,"9850 Exposition Blvd, Los Angeles, CA",34.0288099,-118.4027129,90034,6037270100,-0.6441939144680285,25.0,0.21925925925925926,66071.0,712,4583,493,1937,1803,350
132,AUI-10346,"1757 S Robertson Blvd, Los Angeles, CA",34.04769829999999,-118.3860416,90035-4232,6037217001,-0.26054358970544,24.0,0.23521594684385386,93083.0,495,2922,1022,575,960,365
133,AUI-10360,"2411 N Thomas Street, Los Angeles, CA",34.0740651,-118.2053002,90031,6037199202,0.0703683073159544,31.0,0.6601208459214502,56875.0,151,2993,661,838,1085,409
134,AUI-10334,"176 S Virgil Ave, Los Angeles, CA",34.0712476,-118.28635,90004,6037211121,-0.3475924584299156,29.0,0.17310087173100872,53750.0,501,2186,387,780,798,221
135,AUI-10304,"3619 Regal Pl, Los Angeles, CA",34.13395,-118.3632699,90068,6037143700,-0.2910160422145928,32.0,0.4269568857262453,106818.0,792,3916,526,713,2259,418
136,AUI-10370,"18744 Parthenia St, Los Angeles, CA",34.2278025,-118.5420773,91324,6037115404,-0.4355558626974941,26.0,0.8931799506984388,63659.0,329,2926,573,895,1084,374
137,AUI-10343,"21021 Devonshire St, Los Angeles, CA",34.2574949,-118.5916991,91311,6037113101,-0.7174313498704399,34.0,1.3874074074074074,105781.0,556,3699,613,718,1529,839
138,AUI-10368,"6945 Sepulveda Blvd, Los Angeles, CA",33.9742777,-118.394348,90045,6037277000,-0.8073810018076243,30.0,0.6801575931232091,138542.0,818,5436,1026,1066,2235,1109
139,AUI-10354,"838 S Barrington Ave, Los Angeles, CA",34.0544555,-118.466163,90049,6037264103,0.5639856442316036,26.0,0.020579268292682928,100160.0,1600,2708,284,926,1087,411
140,AUI-10375,"4294 Coldwater Canyon Ave, Los Angeles, CA",34.1479032,-118.4135263,91604,6037143500,0.20431671504928,33.0,0.28365515365787325,91563.0,947,5241,1179,990,2484,588
141,AUI-10380,"4319 Whitsett Ave, Los Angeles, CA",34.14920499999999,-118.4054894,91604,6037143500,0.20431671504928,33.0,0.28365515365787325,91563.0,947,5241,1179,990,2484,588
142,AUI-10373,"15450 Plummer St, Los Angeles, CA",34.2423921,-118.4691955,91343,6037117201,-0.03321839736943778,28.0,0.6907571288102261,55750.0,391,4785,1433,1182,1549,621
143,AUI-10349,"11175 Glenoaks Blvd, Los Angeles, CA",34.273071400000006,-118.4114497,91331-2536,6037104701,1.938079067253172,30.0,0.4743742550655543,32036.0,229,4325,1505,1206,1302,312
144,AUI-10347,"9776 S Sepulveda Blvd, Los Angeles, CA",33.9474756,-118.3957034,90045-5802,6037980028,,,,,818,0,0,0,0,0
145,AUI-10355,"8932 Woodman Ave, Los Angeles, CA",34.232175700000006,-118.4378409,91331-6020,6037119800,-0.6707320278928619,31.0,1.53156146179402,74906.0,229,6130,1169,1975,2334,652
146,AUI-10351,"17415 Vanowen St, Los Angeles, CA",34.19388989999999,-118.5124217,91406,6037132001,-0.18571689677585565,28.0,0.8948701709943002,75000.0,469,3613,923,811,1470,409
147,AUI-10341,"4349 E Valley Blvd, Los Angeles, CA",34.063514,-118.19118,90032,6037201402,0.1366635032630607,33.0,1.2251867662753468,56698.0,283,5149,1090,1209,1759,1091
148,AUI-10337,"1751 Westwood Blvd, Los Angeles, CA",34.051089399999995,-118.4385126,90024-3990,6037265520,-0.08871967969028358,26.0,0.2436164669098489,102708.0,823,4894,732,1578,1846,738
149,AUI-10378,"6959 Esplanade St, Los Angeles, CA",33.958586700000005,-118.4492361,90293,6037278102,-0.6873638269221036,31.0,0.4503851381966471,138456.0,268,3063,219,798,1516,530
150,AUI-10366,"1248 Westwood Blvd, Los Angeles, CA",34.05788870000001,-118.4431004,90024,6037265510,0.8466424879298937,22.0,0.05183431952662722,52917.0,823,4786,396,2971,960,459
151,AUI-10336,"4839 Laurel Canyon Blvd, Los Angeles, CA",34.15887379999999,-118.3968676,91607,6037124000,0.4625438214769731,28.0,0.5410539215686274,84201.0,459,5131,953,1362,1975,841
152,AUI-10376,"7428 S Sepulveda Blvd, Los Angeles, CA",33.9731993,-118.3948075,90045,6037277000,-0.8073810018076243,30.0,0.6801575931232091,138542.0,818,5436,1026,1066,2235,1109
153,AUI-10382,"10654 W Magnolia Blvd, Los Angeles, CA",34.1648054,-118.36349640000002,91601,6037125501,0.2259276502635271,33.0,0.2662860980523841,47227.0,366,3127,349,1290,1308,180
154,AUI-10364,"6040 Jefferson Blvd, Los Angeles, CA",34.02042369999999,-118.380283,90016,6037702502,-0.23421623742125466,29.0,0.3760877790389709,86081.0,256,3983,752,553,1649,1029
155,AUI-10389,"5263 Packard, Los Angeles, CA",34.0507581,-118.3511493,90019,6037217100,-0.3331028927439653,30.0,0.2329766536964981,64298.0,512,6326,1075,1685,2904,662
156,AUI-10388,"9818 Reseda Blvd, Los Angeles, CA",34.249297,-118.535973,91324-2036,6037115201,-0.251629561451947,25.0,0.5949529512403764,63768.0,329,6909,841,2933,2405,730
157,AUI-10363,"8800 S Hoover St, Los Angeles, CA",33.9572904,-118.2863728,90044,6037240300,1.3652978363496833,34.0,0.3533133533133533,24368.0,89,5803,2103,1534,1798,368
158,AUI-10390,"9889 Beachy Ave, Los Angeles, CA",34.251165,-118.4415257,91331,6037119201,0.04407327882917717,30.0,1.827956989247312,74012.0,229,4289,1086,1272,1468,463
159,AUI-10385,"10645 Glenoaks Blvd, Los Angeles, CA",34.262751,-118.40008,91331,6037104704,0.5215081807051171,33.0,1.102642901044868,48581.0,229,4331,1261,1152,1549,369
160,AUI-10377,"2044 Reservoir St, Los Angeles, CA",34.07873,-118.262088,90026,6037195600,-0.11436779773384045,31.0,0.3559795253606329,70870.0,638,3178,403,987,1365,423
161,AUI-10352,"7178 Tujunga Ave, Los Angeles, CA",34.200786,-118.37893400000002,91605-5738,6037123010,0.2146812127825626,34.0,0.6630743051616562,32768.0,303,3959,1122,1051,1395,391
162,AUI-10383,"11169 Weddington St, Los Angeles, CA",34.1670008,-118.3748155,91601,6037125320,0.20589764669868554,29.0,0.20930232558139536,34681.0,366,5379,326,2681,1597,775
163,AUI-10367,"5441 E Valley Blvd, Los Angeles, CA",34.074090000000005,-118.164775,90032,6037201602,0.4511711570989905,33.0,1.082191780821918,59853.0,283,2780,551,717,1128,384
164,AUI-10365,"8935 Mason Ave, Los Angeles, CA",34.23246719999999,-118.5798093,91311,6037113421,0.21249191805739687,29.0,0.5301759133964817,61228.0,556,6810,1629,2102,2399,680
165,AUI-10379,"10949 Huston St, Los Angeles, CA",34.15992720000001,-118.3697512,91601,6037125501,0.2259276502635271,33.0,0.2662860980523841,47227.0,366,3127,349,1290,1308,180
166,AUI-10391,"10517 San Fernando Rd, Los Angeles, CA",34.26105,-118.417258,91331-2536,6037104610,0.20786368135872973,29.0,1.3330029732408326,60320.0,229,3504,911,966,1300,327
167,AUI-10381,"11185 Hindry Ave, Los Angeles, CA",33.9333653,-118.37237240000002,90045,6037980028,,,,,818,0,0,0,0,0
168,AUI-10357,"10634 Valparaiso St, Los Angeles, CA",34.0296115,-118.4149102,90034,6037269904,-0.18333397210273955,24.0,0.02044989775051125,68865.0,712,4039,479,1647,1669,244
169,AUI-10340,"4240 Fulton Ave, Los Angeles, CA",34.1478861,-118.4222236,91604,6037143902,-0.5915809556275726,32.0,0.5143769968051118,120781.0,947,2856,450,686,1256,464
170,AUI-10344,"4236 Longridge Ave, Los Angeles, CA",34.1474861,-118.42091440000002,91604,6037143902,-0.5915809556275726,32.0,0.5143769968051118,120781.0,947,2856,450,686,1256,464
171,AUI-10384,"7123 Tampa Ave, Los Angeles, CA",34.1998776,-118.5537878,91335,6037133000,0.01226493593819955,34.0,1.0476190476190477,67782.0,435,4449,935,977,1899,638
172,AUI-10358,"13214 Moorpark St, Los Angeles, CA",34.1500812,-118.4208748,91423,6037143500,0.20431671504928,33.0,0.28365515365787325,91563.0,849,5241,1179,990,2484,588
173,AUI-10361,"11048 Huston St, Los Angeles, CA",34.1601042,-118.3711679,91602,6037125401,-0.045152853054788715,37.0,0.2018575851393189,59824.0,428,4729,289,2731,1453,256
174,AUI-10362,"998 S Hobart Blvd, Los Angeles, CA",34.05281000000001,-118.30517,90005,6037213201,0.8854001498041876,34.0,0.1654551748009692,30335.0,177,4330,1224,810,1726,570
175,AUI-10359,"10919 S Figueroa St, Los Angeles, CA",33.9368695,-118.282841,90061,6037241202,1.3547828404168265,37.0,0.6640816326530612,40596.0,35,5436,1697,1321,1899,519
176,AUI-10261,"729 N North Spring St, Los Angeles, CA",34.06047,-118.237689,90012,6037207102,0.3865339685589967,29.0,0.07740324594257178,26327.0,1016,2866,346,849,872,799
